Clase,Caracteristica 1,Caracteristica 2,Caracteristica 3,Caracteristica 4,Caracteristica 5,Caracteristica 6,Caracteristica 7,Caracteristica 8,Caracteristica 9,Caracteristica 10,Caracteristica 11,Caracteristica 12,Caracteristica 13,Caracteristica 14,Caracteristica 15,Caracteristica 16,Caracteristica 17,Caracteristica 18,Caracteristica 19,Caracteristica 20,Caracteristica 21,Caracteristica 22,Caracteristica 23,Caracteristica 24,Caracteristica 25,Caracteristica 26,Caracteristica 27,Caracteristica 28,Caracteristica 29,Caracteristica 30,Caracteristica 31,Caracteristica 32,Caracteristica 33,Caracteristica 34,Caracteristica 35,Caracteristica 36,Caracteristica 37,Caracteristica 38,Caracteristica 39,Caracteristica 40,Caracteristica 41,Caracteristica 42,Caracteristica 43,Caracteristica 44,Caracteristica 45,Caracteristica 46,Caracteristica 47,Caracteristica 48,Caracteristica 49,Caracteristica 50,Caracteristica 51,Caracteristica 52,Caracteristica 53,Caracteristica 54,Caracteristica 55,Caracteristica 56,Caracteristica 57,Caracteristica 58,Caracteristica 59,Caracteristica 60,Caracteristica 61,Caracteristica 62,Caracteristica 63,Caracteristica 64,Caracteristica 65,Caracteristica 66,Caracteristica 67,Caracteristica 68,Caracteristica 69,Caracteristica 70,Caracteristica 71,Caracteristica 72,Caracteristica 73,Caracteristica 74,Caracteristica 75,Caracteristica 76,Caracteristica 77,Caracteristica 78,Caracteristica 79,Caracteristica 80,Caracteristica 81,Caracteristica 82,Caracteristica 83,Caracteristica 84,Caracteristica 85,Caracteristica 86,Caracteristica 87,Caracteristica 88,Caracteristica 89,Caracteristica 90,Caracteristica 91,Caracteristica 92,Caracteristica 93,Caracteristica 94,Caracteristica 95,Caracteristica 96,Caracteristica 97,Caracteristica 98,Caracteristica 99,Caracteristica 100,Caracteristica 101,Caracteristica 102,Caracteristica 103,Caracteristica 104,Caracteristica 105,Caracteristica 106,Caracteristica 107,Caracteristica 108,Caracteristica 109,Caracteristica 110,Caracteristica 111,Caracteristica 112,Caracteristica 113,Caracteristica 114,Caracteristica 115,Caracteristica 116,Caracteristica 117,Caracteristica 118,Caracteristica 119,Caracteristica 120,Caracteristica 121,Caracteristica 122,Caracteristica 123,Caracteristica 124,Caracteristica 125,Caracteristica 126,Caracteristica 127,Caracteristica 128,Caracteristica 129,Caracteristica 130,Caracteristica 131,Caracteristica 132,Caracteristica 133,Caracteristica 134,Caracteristica 135,Caracteristica 136,Caracteristica 137,Caracteristica 138,Caracteristica 139,Caracteristica 140,Caracteristica 141,Caracteristica 142,Caracteristica 143,Caracteristica 144,Caracteristica 145,Caracteristica 146,Caracteristica 147,Caracteristica 148,Caracteristica 149,Caracteristica 150
Agua,0.08046478518356567,0.12259186264018575,0.4461760368576582,0.5110442844121378,0.6599667858357554,0.9376122011311538,1.0722242775972628,1.6896100111403047,1.7680243562096583,1.5259045944255654,4.607806530588174,4.546484961710676,2.136972551901782,1.4436197293057011,1.340778333315833,4.11689974636968,3.1221358807414097,2.177743316961509,3.3188120093665456,1.8553989026429571,0.9814591292962223,0.7255129113029567,0.8445906435866082,0.7024777659529481,0.4878243049129099,0.4863115314393507,0.5882530177245213,0.9211504524127906,1.015984397310305,0.5975152022102401,0.9313635314063909,0.9077296188661259,0.45464711360651755,0.580079399897359,0.40640044540725806,0.20252589793327516,0.3134605752176416,0.1648098379284069,0.14799174141745355,0.25517026401031256,0.4829387942887474,0.7638782257459986,0.5984433249080001,0.5611180848341464,0.47310457397062844,0.4274091248973315,0.29290871825962295,0.24629593441370615,0.1767879715770865,0.11897194375251223,0.08907465710393893,0.08311349458096895,0.0776591069367902,0.045719700911956034,0.036985586149112015,0.030898067099043178,0.05995686058092886,0.046147067831521865,0.040751418113822616,0.03703651991394854,0.03169406632855166,0.05117703202834979,0.061155237974134524,0.037903736160563695,0.05195130617617,0.036275517438174684,0.06507116013484458,0.05065315299409977,0.054446313463700255,0.08646209093832978,0.07294948449919193,0.10706702160313157,0.10845590719832103,0.10718877183047051,0.14692676611898572,0.07208491172090815,0.018871018474214473,0.021793680376750578,0.01880414340024712,0.013718587511023865,0.013145300934999835,0.017831577968481317,0.019678478020522815,0.016953341770719308,0.012395654882553923,0.012244282750448462,0.016379259312864002,0.018134433166004292,0.01581302753067975,0.01134181848532407,0.011287091225506765,0.01558598222933994,0.016977465662328543,0.014740999601403357,0.010348634688853157,0.010444079520929338,0.014666426650656957,0.016014883683946643,0.013595466372692227,0.00952969586035269,0.010363289534583838,0.013858559835207545,0.015102066839026904,0.01254373307197219,0.008837796137707628,0.009745674276434746,0.013314679279789892,0.014297728422696466,0.01161561231852562,0.008620624062066757,0.009428135347821772,0.012341442188504938,0.013634825447702566,0.01123486699137978,0.007948059248720244,0.009018421978995727,0.012341010970753751,0.012905726661680269,0.01078761488790093,0.0074708378052696705,0.008886584502061801,0.01174685037521328,0.012559931882850605,0.010101643122571039,0.007243801569881442,0.00837149365219385,0.011682437988999143,0.011936024906558915,0.009892254872808476,0.007202407249771145,0.008127966598953963,0.011115686694757689,0.011212272142292874,0.009276797881554777,0.006381215106688873,0.008109828285236095,0.01054845142670267,0.010723797191496572,0.008600675780148812,0.006076948387116939,0.008024608140707776,0.009765291210057906,0.013082646844747461,0.010223626504850343,0.012131611291682045,0.01442964274901036,0.011266893610570148,0.012218962731496004,0.013605709396816656,0.016194663327401673
Agua,0.07683633695867918,0.15568214262244867,0.6689524146027548,0.7135216741030758,1.52136346220045,1.7165189714513083,1.8834890958527648,2.668208053831809,2.4780943344286417,2.2193074708460117,4.5950052996828035,4.269087874451279,2.2753997254109075,3.66490676020419,2.2724145269681393,3.381383536893565,2.9677164009173658,3.2830246933635854,3.9997425539777467,2.853408124648591,1.5143925854109304,1.4209643023940661,0.8776018345818885,0.5479945557133634,0.6222074871615602,0.5244265029919261,0.6475591877971499,0.6292804018339484,0.5211074393653141,0.8745585593237996,0.9276281329798437,2.329155002840022,2.309547753874375,1.1273304949569156,0.8172524066569391,0.6315986152376479,0.4217658736498723,0.5027156072303521,0.28612011510440294,0.4391266356493994,0.7682618902373294,0.8078701235880534,2.191632815949582,1.7789936208282409,1.123527632931483,1.9845154063243642,1.1472099216646727,1.0149281868446298,0.7550717006847166,0.48269179312925925,0.38262750573408977,0.17047148511128132,0.14923915300057436,0.10799770379300604,0.08811876911865965,0.06779900460959751,0.03623048639324024,0.04304239623133864,0.052060522771098586,0.07875538242476499,0.0794068616738865,0.0679762758252543,0.0606871885124405,0.08443769361796223,0.07657702633445809,0.11245665097944897,0.15138736574286932,0.1473409520712492,0.14053348320220088,0.18603380155310587,0.1986353734006368,0.25297346895940537,0.2039652530407851,0.2227854508759184,0.27447311253415335,0.17350238148362368,0.0450067655248936,0.010286351377828204,0.010301061216026672,0.010289391352503015,0.009864214907608332,0.009961182503946116,0.009864233864581922,0.009541324270418634,0.009760412216072963,0.00922775901548523,0.009527274790126333,0.00916625604648281,0.008999472551328543,0.009247048873449001,0.00867394441811301,0.009054759775385599,0.0088402966614231,0.008525328570828033,0.008631276916900368,0.008467206330611998,0.00973858504308536,0.008351294889780423,0.008224562056807445,0.008084206736674105,0.008152634550205606,0.008651761900469934,0.008114228218505102,0.008683223524211922,0.007875012923327809,0.007755194986469569,0.0077243378292750665,0.007687889983551274,0.007961994099209804,0.007629391024888918,0.007547317369364906,0.007188288957577768,0.007421373675151183,0.007163926195265517,0.007493300123244472,0.007082634089688355,0.006989823123363267,0.0070950775097473285,0.0069441403039024845,0.006931060272028148,0.0070076580690089625,0.006804929805853109,0.006971549864506066,0.006742756496736322,0.006768084972620785,0.0066418105074915745,0.006706222693609237,0.007083278663464055,0.00763735792690543,0.005939160254429179,0.007608737995464783,0.006506333456676909,0.006352603644221435,0.006351400533672484,0.0061277716487932446,0.006901314935094111,0.006059433163923225,0.007088456765317313,0.005804181853367609,0.007333594997345873,0.005827352113695059,0.010544064920342098,0.0134521361450188,0.009736700726561909,0.012559458885221749,0.0158051873211593,0.00923430224179976,0.01472750688535613,0.012108610523725447,0.0211184478135615
Agua,0.05955584266585345,0.15489733199095718,0.5300058142516559,0.5545271834187808,0.9982636529672487,1.001224554405829,1.7100823593052596,1.8400461697355428,1.882625836685876,2.824200986294033,5.051002238881269,2.7077900640252075,2.997307338225706,1.8978286418194044,1.8779005706909637,1.8348173861209713,1.3695687560449863,3.803026127942629,3.421661273036314,1.0175593685671547,1.2730371192020127,0.6833607263419463,0.6852585091332235,0.6133765085284892,0.447181938363828,0.5988837664120062,0.35389101120222816,0.6597060291866905,0.5224335942767536,1.1633449654179593,1.9571286316684022,1.478462693074578,1.2923486972229978,0.630067980652788,0.5920968566642235,0.6231839054068311,0.3099271952553253,0.5338840691487996,0.3090775531684531,0.43481125343392235,0.725833711543236,1.5029632943351912,1.79401665735062,0.7225732884755103,1.0037900530810875,0.8973302413895408,1.0817364412839519,1.192726331931916,0.6823170732593392,0.2753602222034305,0.21600232783211584,0.22192055389551466,0.09102910952346212,0.05772288536034328,0.049841400535294414,0.054725164781882135,0.046612908566254385,0.0440605710003467,0.038212829234789455,0.05417879779026552,0.04971422620299676,0.058291828599098004,0.07616366314688172,0.06731660280177916,0.08425626371934611,0.08151512740486035,0.06591059674149746,0.07930715424433299,0.07517473407450216,0.12038136193810171,0.10641573594370522,0.08828189757374488,0.14050796461102705,0.10905583246839828,0.17675871744887206,0.11990758291851995,0.02705517486997019,0.022726405299340034,0.022084605440404814,0.021342536410096383,0.02152498397623248,0.021863883583904842,0.023703600614609768,0.025621295433973554,0.027119738226371624,0.028560080129953973,0.029368645048758864,0.030413595126120442,0.03161247431109981,0.03293801548507519,0.03354990407088848,0.03395388271489442,0.03396167336895076,0.0341744412504993,0.03460162039458604,0.03417544244791423,0.032987116790869145,0.031895600672791964,0.03025374180026609,0.028659847134294588,0.026658494105381268,0.024364927635815735,0.02185283902310276,0.02043371228686685,0.019848125065296898,0.020578368873525633,0.021689561292863143,0.023583876127088656,0.025899842211503123,0.02829609546507007,0.031059047745501053,0.03303149580432594,0.034312425651432804,0.03531972679175309,0.035734036009544765,0.035833398343719985,0.035514190943261255,0.034444532361676126,0.03282713056487515,0.031270283732528714,0.030005782963088777,0.028540239408639062,0.026899647831867626,0.025168798675455694,0.023997935775542104,0.02297838139050382,0.02270748637259073,0.0225868256853277,0.0223198151491146,0.022614205495513327,0.023300349956712603,0.024584543361555335,0.026571826767383303,0.028057948299133186,0.029463890246771478,0.03125491252927024,0.03242595929068131,0.03409519345175815,0.035625513867989074,0.03569472785936381,0.03567695063498686,0.03517640252247632,0.035771401124452686,0.03421180129169304,0.03144414287084411,0.029702120700089287,0.026689146837595882,0.02556395908390426,0.023926374720253468,0.023368024342014532
Agua,0.047039288961306866,0.1662620940789491,0.6894152736126837,0.6352449013259109,1.5705896216388042,1.2259298231397637,1.0063480021158115,2.2176474293685153,2.160915296389417,3.028719833144172,5.991512859475903,3.45563002350288,2.147275238402085,1.4591898196721753,1.7500343615891483,3.576516957294225,2.477880604909587,1.9631329212411635,2.4939176290366163,0.6900605072830935,1.040555693262121,0.7452138063525471,0.5638278952017681,0.9989998825077828,0.49371806309773114,0.8192231290118812,0.7129431799620914,0.9844381085881209,1.9756273584848887,1.4529790618050613,1.2996803596974924,0.8091581445896716,0.4912854077768295,0.521302090200802,0.36612178919041705,0.3391894753825497,0.40343281755469707,0.28532858864725047,0.20593697736438388,0.2921705353589708,0.9913880006282421,1.5083151411649853,0.8760579415765672,1.0904631839974719,0.8152016481202972,0.504363450058962,0.5159537345002803,0.2254787112353469,0.33561005633249746,0.24228747130314765,0.07883384615954964,0.0935090376656526,0.04767328200340829,0.030741150798861583,0.03900012231907452,0.04694002444346163,0.07041359035835403,0.04940672665595446,0.08860010056304883,0.06789306704272254,0.06842528300053505,0.07730125198423057,0.0793422935216647,0.1022800800702678,0.16360678446854443,0.1390274756712475,0.14878984733517636,0.18150345022795933,0.1472259063796876,0.16682355303812652,0.14657002245183226,0.21529701057702252,0.28537411712442956,0.22994810860063372,0.24118883583678535,0.12240318381377943,0.02899427097514614,0.015352634310041854,0.016021694336713823,0.010615803820622978,0.014229826003652796,0.01476485040689063,0.009882807690750879,0.013217192926357469,0.01365317830682935,0.009046137818377192,0.012585785006920197,0.012287607032740348,0.008393763807897754,0.011671981905413412,0.011495722980679999,0.007807821196247724,0.011230909849378273,0.010429777753827026,0.007256994641459462,0.010768020922770686,0.010282830957242192,0.0070592271346956665,0.009959291801556637,0.009176238042764961,0.006784769258227318,0.009724794977272163,0.008560333927100091,0.006231318814900367,0.009378701991415462,0.00795945396206393,0.005923361894510253,0.008713718428854607,0.007303496263273874,0.005723213146384487,0.008411508419719323,0.006910965656211628,0.0057810784771368156,0.008288408743257765,0.006314940165580547,0.005427320609692933,0.007587775891838765,0.006242595966032628,0.00543567539838926,0.007815930869674219,0.005819926588355279,0.0055103536033767,0.007423448710284545,0.0054944451606770695,0.0052724693069286285,0.00743744093884025,0.005146514781722371,0.005370329404488698,0.006879243495523275,0.005481400240421406,0.005696531370918893,0.008245987710968083,0.0065947850065565545,0.005663576735220851,0.007481591636452487,0.005933184261685072,0.005269544623602211,0.008216525239135268,0.0053522507713532255,0.00600087391378796,0.008053411526325186,0.005308873226588373,0.010107323656891102,0.011107090460137088,0.011364678150531573,0.015260459299798421,0.007536907337628114,0.00840568477594773,0.008773726837705735,0.020048140133857164
Agua,0.07270503145619703,0.2173546351700404,0.650553031883325,0.6714023840517763,1.6292469851121605,1.3812762356462263,1.927990244741046,1.8461654404553374,2.818227388110029,3.364649156255772,4.779187108950263,3.4846643632600927,2.1836665957051085,1.3905646615815674,2.3402360458027363,3.195667813344725,3.8478079373095335,3.570538135628227,1.9254227673558555,1.4402273414612616,1.1712835003372781,0.8341723252832497,0.7803596742068909,0.8325020805006222,0.6823126875030159,0.5490316955253199,0.6018534441729743,0.7711557626349854,1.2307372237836616,1.5157479419826827,1.1893082506509403,0.7070025452968174,0.6851705896339063,0.38901673891089017,0.2848844338478377,0.34804769101717853,0.28001678104953936,0.18371431248368894,0.1866534267314189,0.31421355230509174,0.3042745009206694,0.5271771471565826,0.6743465233814525,0.5487719190020393,0.8284190449209232,0.9325460855820801,0.578937916524342,0.20699822826048173,0.2882376124473557,0.29087885336086605,0.1780421714596452,0.13201654562773923,0.12000442412050566,0.0927792734924471,0.07056752065562816,0.08444174249497854,0.07907554890949146,0.09263626217582263,0.09939876847903195,0.10098025142111336,0.09928092179779653,0.09537336109546624,0.11081468671812368,0.13643389686214935,0.19558127446611748,0.10157056227630729,0.10914363028904106,0.10515173869331493,0.0858555494771098,0.08766617345613426,0.10722309402710567,0.09535833745498012,0.15605052384648324,0.12312717056597508,0.1509628712165958,0.08895904103492513,0.0628826939643417,0.06052479249701662,0.06019683107283946,0.0599229752534954,0.06074109785244088,0.060694375180403874,0.06001242956131492,0.060432926984001704,0.06073900564067393,0.06012188656943087,0.06043408721077443,0.06066380697214938,0.06012414067904611,0.0600360585677583,0.06068230257287194,0.06053631773757029,0.059994972408995144,0.060340610559287966,0.06042512747259666,0.06024138263498066,0.06021413104854345,0.06054510760707654,0.06004537760820257,0.059888873522482775,0.06037155725583589,0.060228297172732405,0.05985772476438288,0.060313898289961046,0.06005013079951745,0.05978087448534785,0.06025125879520892,0.06043800569728781,0.059762230872092516,0.05986634208889277,0.06018539380435463,0.060128816252129645,0.06008255844571472,0.06045048100521433,0.05993232927693622,0.059881341129097904,0.060250197578112674,0.05989878994432405,0.05980742312827342,0.06013110691891,0.060160246259209536,0.05966777547383453,0.059835858667046694,0.060278451050803636,0.05978181603549745,0.05973710506558471,0.060385753802068606,0.06011172409962834,0.05975011233011725,0.06035229105467115,0.059961936189684956,0.05959199368226791,0.0604831866963599,0.060326400365796666,0.059633411074888745,0.05989265108764198,0.0600534489080962,0.05984022714311065,0.05998369776350006,0.06012616104570417,0.060192017379379924,0.05998662077743865,0.06064522951498659,0.061612523013239884,0.06081516592456558,0.062236486194431444,0.061854209439228945,0.060306161040578635,0.06131930220992826,0.06243874259633101
Agua,0.0688332673089978,0.19113599983632643,0.6144045225372744,0.7058017925598646,1.508725811280354,1.0719684050198952,1.835782226981709,1.7061125052914907,1.8006920639610489,2.7558616341487374,5.55245816733752,3.6539305070429506,2.7691365700293393,2.3649147400686306,2.123507549910555,3.8704279708816776,2.3774153660421957,3.3498348736686734,3.2873054289394794,1.757254443579763,0.9181575547073323,0.561142536631104,0.5684227061301493,0.7940374901209174,0.8113795763550695,0.6662727753485553,0.49508264362114196,0.7285030379390619,1.1384043189827806,1.2937608197855843,0.7604507317216913,0.4135283374421083,0.289047335771797,0.3391181646431495,0.21687165572783407,0.19398360974854442,0.16652217884109657,0.11056532978569798,0.22380329474779997,0.3282978975907586,0.3129267131025534,0.4538206754507109,0.48615261062340626,0.39536033413840865,0.2675694583508244,0.24846897055940695,0.25741772952229813,0.31698634103297096,0.22105876047616035,0.1008082164859711,0.04799614530943695,0.04940521007132749,0.0484983495142296,0.049883549844433474,0.050575356688001546,0.060722557426808904,0.06998267095918734,0.08420087633591923,0.08839812141880493,0.08103918067472085,0.08865194999971332,0.07425939271987392,0.10768772557441682,0.10713664888577062,0.08986820411764089,0.10936888333536013,0.07959803568605812,0.11563344036199637,0.15249980361863766,0.1352413371311411,0.15351445243258904,0.1089443070197252,0.17731908416186754,0.20648801854358528,0.1317889100119478,0.07766942553147828,0.045642990499748404,0.0433832825011973,0.04379900185864099,0.04303702305496556,0.04401915198972118,0.043005009632212404,0.044099955947467046,0.04294811916571703,0.04413157167174706,0.04274532698953832,0.04378603329649356,0.04301172038775123,0.04337652853793533,0.04345679322443536,0.04297294003808783,0.043729342105041105,0.04262934122163286,0.04413749773818222,0.04268764014547638,0.04394660190788168,0.04293392281681132,0.043562618742181064,0.043000802281989346,0.043309475524030874,0.043463393413988166,0.04295210186939474,0.04361725395330834,0.0425527058695668,0.04362155245390171,0.042613433504134615,0.04368218991472376,0.04255862568972973,0.04341466949843738,0.04287917760455266,0.042980707386156836,0.04333246673139411,0.04281667465494047,0.04336871748347589,0.042479705038651186,0.043541385276777034,0.042521632955414876,0.043503847153943676,0.042575736082910084,0.043125808298958984,0.04283026923480507,0.043121485167380916,0.043015639343896434,0.042674017532630955,0.04321322848618913,0.04245690731629571,0.04332782395414972,0.04214712574210336,0.04341615471688347,0.042429468834442305,0.043049101244134844,0.042562047267407234,0.04296082967522035,0.04311296464930182,0.04268046679098171,0.04316306171111459,0.0424392363736596,0.04326846659701872,0.04221608977589143,0.04326269567694881,0.04268109932960376,0.043359383432005,0.04342420126761547,0.043482535009091314,0.04397247988682937,0.04509190810800963,0.04462616515186069,0.04410171372498747,0.04482567886732927,0.04556025281586836
Agua,0.040905438014737956,0.15216223003421206,0.593695329569802,0.5123735070096821,0.8499492548783775,0.9515769813300652,1.215440564278438,1.6969283900561758,1.4414098666759319,3.0357411248928097,5.346062360419773,3.4943670121286994,2.319657221542206,1.45551699293846,2.3310274560756996,3.5195549937763495,1.722856458877585,2.886939372668195,3.10495040308923,1.2963810755633605,1.4705043056487317,0.884812785996739,0.6048610271426796,0.6194034946261936,0.39824825520510976,0.5202492863347825,0.7779159636026202,0.9627750400249966,1.1211743974855033,0.8090473525239747,0.7127178473457109,0.4669274821952266,0.38436301761660097,0.3006268020935644,0.2693215332611868,0.14886645501730922,0.22906069519884525,0.36386688987147264,0.3126705877702384,0.39384824487184705,0.4064844168584541,0.5366257810334774,0.5657732622278675,0.5197230847037888,0.3619523630803225,0.5453874707344576,0.5018831436085109,0.41270620157484,0.38334338278187124,0.13640889327499073,0.06169744437494475,0.06998619920680099,0.07895301148436566,0.0363039329695582,0.06646368298160371,0.05484661427836511,0.06109070161797318,0.07188933144037647,0.11485963346580862,0.1272572541895584,0.10259165102396928,0.08529434028383744,0.08348905418427198,0.09755972137145784,0.0837116576560423,0.10054854072686432,0.1288424385499066,0.15557038315263702,0.12131357908630497,0.1251546446065798,0.14893787509523523,0.18887662625199914,0.2374328480865521,0.1944127743644321,0.2138560921760592,0.18756942576749838,0.03842090848389339,0.007971562308717645,0.007704130697283075,0.00764027110952416,0.007512491906688425,0.0075929045264917314,0.007748808928754861,0.008073439191078717,0.008054434072914887,0.007812208203669868,0.00798776188964288,0.007588890592679914,0.007359590500390025,0.007197361627515142,0.007299433139994018,0.007523505995444565,0.007826069697322826,0.007789802711887616,0.007973072555082148,0.007599480999156298,0.007499105766524187,0.007067572143245776,0.007152172971419073,0.007380070290280354,0.007389667652342168,0.007913027931543066,0.007459509919774335,0.007865451889338435,0.00773728679661724,0.0071829933127284295,0.00742319221345039,0.007062136702945678,0.0072174571294834275,0.007432548408881998,0.0074317428058936355,0.007557898625702787,0.007643795784836363,0.007631754580996975,0.007480436845000014,0.006919904381703575,0.007060353676945292,0.007201583966999384,0.007300791663068326,0.007428328760970419,0.007422402451968286,0.0076462372584126005,0.00748520515688229,0.007364631420305015,0.006990879898400679,0.007063692890478115,0.0073410506577032755,0.007193956932521013,0.00729021815779353,0.007466703679327756,0.007678065449459876,0.007335112374158147,0.007369401573105632,0.007381804351524777,0.0067783576155772095,0.007253285909467152,0.007306723288210687,0.0071515439144594975,0.007477663426238665,0.007343156092377829,0.00792461835418436,0.007420403323969246,0.008159629231648447,0.00873543800768432,0.00787493431760763,0.01366837874999493,0.009163957677134495,0.008731170280300469,0.010377261293163369,0.014698637401766032
Agua,0.06514757191855619,0.17096943345062973,0.6717523937846499,0.7760127922941209,2.400868934355335,2.4465770274876744,2.4561323663439047,3.043968867938356,2.3667239194070926,3.187447087398625,5.232644885751926,5.03026189704858,2.7553576860094795,1.8932171434178433,2.634480370546152,3.0128065497358256,2.5075751918183955,3.764335695558861,2.2307111379587115,1.4151065557861884,1.32886635156173,0.5427539766333367,0.5337337111438425,0.39003888995985037,0.5256639406803695,0.514723129496172,0.4934608634572265,0.5810561955749669,0.7144005481618196,0.8822637226658754,1.1555986974529084,1.3056047524328056,0.779101376181264,0.5074901774443734,0.29129784565112193,0.22127305432765762,0.25257558220791543,0.17377375658803376,0.2288346161868508,0.27261220351845306,0.5706470711473464,0.911521243788671,0.994332202086304,0.8343271975393909,0.7101810903086366,0.5879394123908135,0.5125291134461382,0.46818242762836076,0.33652068837883997,0.41779512319321527,0.42490869844657564,0.17054470399739785,0.1223746230104535,0.10500544079322949,0.04645158630102263,0.05114294794791915,0.0453585229511825,0.06919486680801623,0.08529140721231518,0.05593867326367437,0.06099843032787647,0.11848897341928649,0.09648731212145076,0.08834595737940036,0.1347948938943296,0.11551303765447547,0.10778482437437911,0.12465800779156405,0.12281056674226842,0.14090737864625572,0.12461422561912336,0.12193145347076145,0.2194396449902599,0.2073819907493373,0.28057745807339146,0.14912768611295946,0.025267810141411794,0.022615579519106026,0.022100530464594852,0.021465503288214945,0.02141391627141224,0.022236384115774395,0.021982882402678105,0.02138174318832821,0.021430665020169624,0.021664450457546804,0.02226780813360066,0.021616142486357987,0.0211616232473145,0.021493082791268103,0.02224841112853729,0.02171999633197744,0.021171928093528955,0.02129512716463696,0.02166992709025855,0.021667099813384286,0.02130536053725255,0.02114511441695296,0.021850534390992667,0.021826722054178356,0.021517108762296133,0.020980068547879396,0.021292484753964874,0.021784168228965492,0.021598173981113248,0.020990342675766386,0.021183116949283622,0.021643736268539406,0.02161106871471947,0.021404552990740067,0.02119934524099818,0.021379349261040365,0.021608824564653427,0.02154284801217871,0.020895853428122557,0.021104913523116053,0.021690419692219007,0.021362498418197512,0.020998448708787313,0.020956655672506506,0.02145117222874714,0.02151102501011408,0.021154047121789487,0.020782428661667712,0.021243735390493984,0.021576917384493192,0.02134259782286949,0.02113510513513662,0.02103112952001741,0.02140532467670546,0.021542768464124482,0.021068155502314945,0.021026743603733033,0.021378115163757913,0.021262041966542845,0.021164335515751583,0.020913593900569155,0.02137431060551093,0.02160310226263628,0.02121105951047859,0.021238074883106493,0.0213520691792284,0.02225641957232612,0.022275376050065448,0.021840913483317796,0.02279149313833032,0.022441308541501673,0.0226795111320291,0.02270576701984247,0.024270096132438086
Agua,0.06617872175074307,0.1606350860355794,0.6125648079985193,0.6228001560139316,1.8569083211495885,2.289339051244425,1.9690151749500024,3.0196465321993013,2.7025827245158927,2.513336050866792,5.356105049358745,4.737561660537737,2.5756154210900744,2.6685961880476325,2.060638567625059,2.602602337572317,1.921930905031556,2.5099641338799414,2.911503922527385,1.7625141772956603,1.1190326116130693,0.9982538295173203,0.5280612025950768,0.5408274718726805,0.4240474087407879,0.4159833180891871,0.6046907418465483,0.4577230432476433,0.6544735169973213,0.6451333331204094,1.4047067551440764,1.7343803451720514,1.2234245027692352,0.6547891488970676,0.774145929564661,0.4188872595483991,0.49724112383063085,0.3590995789775617,0.31011481812942243,0.3348035083662672,0.7124428082883887,0.9456142635414002,1.4150095089453838,1.2152689938374515,1.4095031551445438,0.9919330937859456,0.48195424816405363,0.40250921121121785,0.2687617727922078,0.20105485489592848,0.22898120147847864,0.11316474123870554,0.14581343980826333,0.09598292587422377,0.09039038256839342,0.09007062483494896,0.09165237691841359,0.09207621839820834,0.0940507827119598,0.09280059262265895,0.09191466056912097,0.09477269667093567,0.09433922019218798,0.09714623431423439,0.09827546833096806,0.09924202006724656,0.13777635162101928,0.12641032095582097,0.13114762568309865,0.11182323910400865,0.1424513704070424,0.1929427339188009,0.16661239293936106,0.13495594200628705,0.1644605909484386,0.09691387720618884,0.08234668491844667,0.0793135708324257,0.07925858832463985,0.07911449703608864,0.07917771946802031,0.07908040679694273,0.07890099564925003,0.07898497974739828,0.07869021531796043,0.07884018370984044,0.07859114359301023,0.07852921364704511,0.07876384859361209,0.07845965838459314,0.07878724412806858,0.07867855135032335,0.07855969685490084,0.07863216770392414,0.07839504733348969,0.07840139930338931,0.07851873648845265,0.07834304890235506,0.07815755669685528,0.0781456770681291,0.0782757360080761,0.07813757346217404,0.0781744719664681,0.07831197424306822,0.07799345762389309,0.07826316096122181,0.07818327132210923,0.07803398051180782,0.07811366222184622,0.07803215356997217,0.07791898498277045,0.07786940016287544,0.07785951117820998,0.07776278115659287,0.07777130242862924,0.07784254471792329,0.07765881504375513,0.0777096189748117,0.07785733830799237,0.07759852424117944,0.077918077661551,0.0777391371915207,0.07761588654226564,0.07793116672564848,0.07770264987440291,0.07771918110568068,0.07773642614839146,0.07767195769608942,0.0774711602682783,0.07752210268245088,0.07776483654400927,0.07781689142749025,0.07786174403716684,0.07770177322066803,0.07764570848597681,0.07769945288732868,0.07770970560103674,0.07741978717118453,0.07750887140924562,0.07775269527573386,0.07769913169339772,0.07795319429641084,0.07848418125365711,0.07804199856141941,0.07825176688051962,0.07861430495048287,0.07861383366029244,0.07918918191086345,0.07931280267179028,0.08180685209652308
Agua,0.10626728114262324,0.19099426699721514,0.6271872919571978,0.7502876783379364,1.1214611206348961,1.0042107395714193,2.1846706809485976,2.071517254479965,2.0080835379022206,2.5148334869381253,4.361522570838652,3.6883419093382432,3.557015195425997,3.1378324676264864,2.316026025832725,2.4328028292559294,1.5113687503994804,3.3201111203676623,2.573872219499674,0.9133768677158016,1.110494753103445,0.43228228350793824,0.40612733503948484,0.3847579620053255,0.2938451598017767,0.4387401870670202,0.43192702472484346,0.5777108257800401,0.48997329404907797,0.7843990658497688,1.3319378322989932,1.1147136373999136,0.9907767986820946,0.5724605815409801,0.35855430970709473,0.4279935772515202,0.30069248745451943,0.34466751124402856,0.28739434868152514,0.36409882254176545,0.636895620821086,1.015603262195776,0.8928823974407486,0.7681069013438742,0.6034276690716184,0.7165750776923366,0.6443981889509173,0.6477676287282497,0.3962084331779939,0.2467236717672533,0.2395501966654403,0.17714816662791322,0.14218640884177355,0.09082179564466891,0.05600434796820902,0.06305831327429709,0.04554744470065228,0.048224657478872626,0.05401977340753717,0.06574560539915923,0.09519739207175487,0.08675027682487199,0.10258774171312184,0.07996857207543748,0.08155535465795022,0.11257415983254143,0.09002832520229738,0.12662688706285974,0.1478259672058564,0.1211487892384824,0.1372489506328907,0.1042296087846381,0.09816285717228132,0.11523370946803332,0.11636502752359042,0.08531989271673568,0.025035498915957,0.028483859604000777,0.0234697350536146,0.024298249789538293,0.02660793464815222,0.020565287146280253,0.026975474100563758,0.020677201784470387,0.023658468571507503,0.024258255216561973,0.019292000852240532,0.025421818709525833,0.018604214314717843,0.022487558500238723,0.021940986409871185,0.018228804858938585,0.023667902284485703,0.01719129132756336,0.021391951899620176,0.019812419470398038,0.017618947588417172,0.021558526198142598,0.016248163797551035,0.020263041094168564,0.01815375743492379,0.017545662251744542,0.019690610338904447,0.015625808113684785,0.01949825237575957,0.016235831998828602,0.017126740740637008,0.017815162040345327,0.01519710608850548,0.018457469678442386,0.014634802302968862,0.017101024294642598,0.016233549280375324,0.014632625743840423,0.01740111564811811,0.013128987206607887,0.016612131119018637,0.014916934503370853,0.014383265249124502,0.01681442729807006,0.012491038977489481,0.01655266198198818,0.013820619774043499,0.013931850542110142,0.01576128518223759,0.011793165160884132,0.015628603315679866,0.012688747724692258,0.012668674703446476,0.01339819804880836,0.01099446791733152,0.014689538792688766,0.011381748420642296,0.012992432653592402,0.01305903469502269,0.011365534935075777,0.013743263530404304,0.010709416124030395,0.012773369200371948,0.011245824188094014,0.01051775234375271,0.012473841034156075,0.009925822637873503,0.010872829408312502,0.007529886481533639,0.012006906260798995,0.010343935340040772,0.01308516431439647,0.017889364990872927,0.014223805409537393
Agua,0.48680099673404653,1.0556417549271542,1.029774864611499,0.7715594830931873,0.8215664288687028,0.7072622136700311,0.960892298064937,1.926150650166392,2.4665715723285255,1.7979380125154323,2.1706590609070187,2.7687329462241124,3.1217608757519435,1.6568329289960986,0.7448336666067732,0.46274489166370014,0.3625946664895284,0.28394004024073694,0.24554464001863127,0.20346520269339136,0.18543752094268295,0.17265017360371082,0.1658834791474819,0.2333272966980852,0.39521806566932244,0.713852330070649,0.9124521341029658,0.6877915780782282,0.5063296350092417,0.4475032976228641,0.42974216063394816,0.503182031615911,0.5682066562934596,0.7321468788281764,0.9016376032910163,0.9115108835060247,0.6492058338997588,1.1267565509781492,1.364576861663177,1.1458031988965671,0.8681361799780918,0.7484517086785173,0.690961403714159,0.619232162925434,0.39302635491386767,0.2753605085166239,0.2081639906555699,0.2224767980913824,0.17457055314415118,0.1121314482817103,0.11354931525189604,0.17149360607344208,0.4168452569845199,0.7500978384043144,0.8493555102054802,0.5843290056383186,0.34101461629086444,0.21800787717907621,0.12437031995512873,0.1437376797995169,0.17330148845951945,0.17467461798563513,0.11740805484417673,0.11018165769076974,0.11227775098592681,0.11597950881294974,0.11940343706575623,0.17373505073437517,0.1676608094389908,0.14981493140788996,0.12983788953203307,0.11212794913887189,0.11501761158840985,0.12583422701135522,0.12390434167279979,0.11008923531245823,0.11049604966508049,0.11416151101985678,0.11590970722368747,0.11516653951958733,0.11139810422839928,0.10730986034554368,0.1126620902268065,0.11897815543656924,0.11862138219302021,0.11031165660563558,0.11073996828030411,0.10950142407100581,0.10723751435925763,0.10810827824020978,0.11028579355388043,0.12569809831787682,0.1784722283863848,0.36382268563112174,0.47431558038532196,0.43229072464161156,0.34072844219218384,0.23238726727060807,0.15550559825650664,0.11598370717963391,0.12121328208456615,0.11490811394160806,0.10605603585073259,0.11139261272641432,0.11181203170509034,0.10665549834338167,0.10487158498144888,0.10403646556401862,0.10879611404082382,0.11122279259386404,0.11338633036392255,0.12164247808818736,0.14180699560784268,0.14738548456461642,0.13169223800880808,0.13007726530962396,0.1527485082190604,0.1296223045040944,0.12774331067101777,0.1099969767497366,0.1123398321623725,0.11805458926166475,0.1212560290115201,0.1165605886023369,0.11240575489534066,0.11980223739982226,0.12429833457219533,0.13295529466506723,0.15480734053494055,0.15654892612606994,0.13506100547594416,0.14470314717068417,0.1923196098386006,0.19284455222963953,0.14381132248746276,0.11538023586431082,0.1076130573994067,0.09337084098270601,0.09670518325189631,0.10809086874612878,0.10728984745326638,0.1028676981408147,0.10945512738461682,0.10994788302084894,0.10204826949624235,0.1016175850216227,0.1117052471533571,0.1300504955061817,0.1345325425929827,0.11728480912970729
Agua,0.2820059846277143,0.6180763455042023,0.8832676548184535,0.9610764668792604,1.0085584908845964,1.19318708097475,1.5255495076489547,2.5982486683646138,3.040591937005798,1.92261393662789,2.0961681444983844,2.078630235905337,2.8729430508134177,3.2143534025783818,2.7193535428830287,1.8066458173886049,0.8158606942323963,0.77487999805159,0.5825544578893581,0.49419838453927806,0.3832856752811397,0.36938258511634403,0.6220154590005925,1.1035297781784301,1.5639492058682585,1.612493840695252,1.6239540544155893,1.3890700933299227,1.008894791449437,0.7166559446968633,0.6804180553374354,0.791294461717336,0.7955538038318317,1.130336286755607,1.6040096393951266,2.0968205054130404,2.4296559630009877,2.168743057100087,1.2205055935811902,0.5476104484519873,0.37625496697938204,0.6142855068336971,0.5729432094127096,0.5695005916187948,0.4586070051087804,0.32030641264271703,0.4016642001762103,0.229350127684138,0.262647572707657,0.40474278976423905,0.33307931637669697,0.33802272911032183,0.2807187333018268,0.25335294114410745,0.5624612039580016,0.7441139860109878,1.0988608468948695,0.7013812185502535,0.44084424508323455,0.37523564580571817,0.37340732725057646,0.3497259640494948,0.22957537459709856,0.16621462347632604,0.13028363027654244,0.11312582947062917,0.10386398605895682,0.09924777344226882,0.1287858535028343,0.12179438632804751,0.21507626948267838,0.286311425139084,0.17798351983240845,0.12579276836084125,0.10300790202490916,0.1260188758367374,0.11645921356026992,0.11820438600360583,0.08454011537693315,0.06914065209577516,0.06684426855084008,0.06504773289307267,0.0569151372900464,0.05497825475186327,0.09890994724163663,0.11486784476581285,0.09479115200470434,0.10244293895164747,0.10227166526046416,0.09254522660373866,0.09809973257016923,0.076733226010258,0.08023613708237995,0.12270316309482757,0.29575262192028695,0.4215996519319938,0.4430474385627693,0.38061067668807735,0.34574697361850004,0.4565031433681644,0.4179739241466891,0.23304152767691075,0.13823488778126042,0.15294588524042418,0.14912236289743414,0.11572112704657625,0.11894823082915199,0.19081192892642895,0.13133318453294546,0.14724406108515328,0.29327349049733636,0.2517317333062713,0.22804508748206795,0.11934288412679545,0.0682566160599109,0.08041613760881167,0.07543913702639517,0.10355174153451928,0.09430241996639213,0.09165000675815918,0.09158675611845013,0.13315003013847848,0.14120615645770868,0.16404345796004505,0.17324751370840014,0.1393705485653317,0.14718394285903014,0.19717231229448015,0.23837071554582326,0.277513025888606,0.24845053154541974,0.22263833455015958,0.24271657771588356,0.18691159913903616,0.20883211932962292,0.22168402626439138,0.19918762054493663,0.17462793891217462,0.12807461601477135,0.0962484171026784,0.10867747275973491,0.14608401417185668,0.14918895056213177,0.11894012196074266,0.05369032232985952,0.049118863966274524,0.06518915221717657,0.062329963947318615,0.05025835479423599,0.07439942056235446
Agua,0.40469543926937523,0.8751817019603786,1.1226427164004302,1.0010959637948318,1.2885346158338458,1.6997068295020341,2.094531773658133,2.5470305549569905,2.409839996944076,1.4232006399514663,2.1928513386982202,2.608156817002423,2.5888297161089633,2.4012718053341207,1.4465282230698366,0.8267198399430921,0.6109361204166319,0.5788721110428626,0.45111418153766303,0.34166010400865016,0.34294112771714624,0.32493860844582406,0.6846580090333153,0.9919797401990914,0.9498105553261489,0.8320892771034434,0.7301325668946781,0.5011252031465482,0.6489201729559958,0.48731879077388474,0.48117513405400913,0.47918301164221316,0.46833339982913263,0.7645772079949859,0.9927347700430869,1.3530448415807192,1.5013510748772503,1.54005179887427,1.549852311223307,1.4089183824249583,1.6439196515019496,1.8403974492416733,1.8600895588949253,1.4767365484310515,0.93975461073586,0.4908969837544753,0.3158710613191033,0.48287911901666325,0.7794381621082904,0.7568907355111298,0.5910694485146856,0.32914591838261215,0.45406443156364223,0.271312669496336,0.4086288140282444,0.595608586412941,0.48666806763965076,0.2724611392693395,0.33760604019014023,0.40226896154638975,0.2250686817981638,0.12127589176715634,0.0820693696022299,0.0694958232396531,0.07516863881890623,0.20090182580772284,0.2771935052563628,0.26058099285020847,0.30569609843296586,0.1898709958333369,0.1202193856085807,0.11706675988476564,0.09984465982479783,0.0793501954780164,0.07916680924236963,0.07610550457291942,0.09452422510218787,0.09628898746914327,0.11385671787690044,0.11648535951055644,0.13318794729482689,0.16800477746064493,0.08914746558363217,0.06354303413814795,0.08233605129797925,0.07913663148349478,0.056833444787545706,0.049364566584178315,0.04016827921555164,0.047316363368018456,0.0756622714810159,0.16801434249518504,0.31850121801640785,0.3626007600503758,0.34580716323648253,0.5317845212200658,0.6023638705906936,0.40785721849109413,0.3725892250694827,0.3834490711272931,0.2748525097804844,0.1303882139781592,0.06595997040492205,0.08558470396915378,0.04708380766963911,0.05477975067221856,0.06286683756973885,0.08934656319421659,0.107043311628412,0.0861895857552516,0.09013806888989637,0.06603398403772562,0.07246816370008712,0.09801181583449539,0.10787239025741874,0.10288025914858728,0.08144807568151367,0.07730811292105064,0.09008329459138012,0.10912225702098469,0.15387049634896868,0.17849601642523732,0.20152525110974923,0.2290848573346489,0.27185404855465245,0.2391393462222254,0.16274845790954393,0.16626163929505786,0.18673686103360826,0.28048383268025984,0.29434508997628556,0.24135331924133546,0.28289994739365365,0.28951180594797415,0.29663678264927607,0.3240737188347144,0.3041544207791491,0.2417561018558367,0.18763409179793852,0.14314553404412123,0.11651475908622999,0.175329216722485,0.20287085969808852,0.15183283574172474,0.12425740073541493,0.06346704842613118,0.054722115010739064,0.05972365323838228,0.05645409204309099,0.05990690355648381
Agua,0.433345875793238,0.9465958299880793,0.9674907521214404,0.7325644458118035,0.9965706859503373,0.9850019583714861,1.6210321783580324,2.5442561033141495,2.590140619574503,2.294644241760989,1.8954232015325707,2.8559341463628396,3.5615839134784766,2.489922896304962,1.0294089837419762,0.7862323636063324,0.5503846609665347,0.3954155746506153,0.356819984767054,0.2874996312995908,0.18111592234074922,0.12501266238252434,0.12452581719277138,0.19832060896407255,0.3499297119111491,0.33972115805595315,0.5161070312225596,0.6054480379882576,0.41471172554204344,0.2598512934458106,0.22104819699635175,0.19775859569892484,0.25769487123578544,0.30680660385158715,0.46731398911145083,0.5272527685767934,0.3627012734057955,0.2758981573246809,0.24581183263015138,0.3918044826839115,0.5031920089784399,0.5270981736231057,0.5218569197882637,0.4781659220161938,0.44644118141011724,0.2964239025774555,0.3423379758433146,0.4873890696501675,0.4156596274656566,0.36777472852900445,0.2730813521070664,0.28593114618777454,0.31187398240353736,0.2391018818648305,0.27458390432969615,0.4214458541980354,0.4694595589298634,0.4435851491614273,0.3050015954894805,0.1752097186680237,0.1306744944259948,0.11186987227834955,0.07740364472692354,0.068362684294586,0.07769070589852357,0.11797126356537184,0.1560789636021392,0.20566984259878596,0.21972551692479086,0.2665583333182861,0.27165605222169625,0.2411455517434819,0.17058596627604236,0.13005329709814029,0.13637539383780958,0.24019958198339744,0.4366053752097168,0.4663727760486337,0.30119085783734273,0.2051837989450423,0.15655291763363788,0.25466946433691584,0.3285455789767534,0.3198500291195162,0.2711689511183681,0.24003835100852253,0.17458170661981498,0.10075533606301716,0.08402504279930165,0.09644355680043351,0.11189959557487744,0.11043649883768347,0.11467007886499073,0.20798912259351063,0.3517848520115429,0.3738388264501974,0.4061938870208764,0.3606305305721372,0.2955297024489932,0.1908594186467934,0.1120123923109898,0.0883922784642587,0.11309985923873653,0.1234150170125897,0.13729117014986858,0.14608683426297384,0.1375032759486447,0.09837565425876496,0.06993729500217681,0.05661974598012082,0.072108228353542,0.0975287237368806,0.11387460935530729,0.11173912278394688,0.10235013561309211,0.10246192986134164,0.12006898671388974,0.10969604190251629,0.10151509750703427,0.10166152724936729,0.08969719725617588,0.07098224354446576,0.08557448795812418,0.122124807778693,0.14564969432459435,0.1917444381857072,0.29551086607522353,0.29864685730404805,0.2427662697094172,0.20073290570998018,0.1916755610743113,0.20284204433973219,0.18546015039911176,0.1814985404196041,0.1903693040945872,0.16774002894038897,0.1534172075107644,0.1328340087133353,0.08766568160978908,0.06563495796268147,0.05937613232324399,0.0510652704625075,0.05460431630490882,0.05378794573281162,0.04000868309605044,0.035262682693157535,0.039666266800613595,0.0477456294864792,0.04949434846740894,0.05897867960552843
Agua,0.23820150175744897,0.4820621706663179,0.6203838242041426,0.6079176457028135,0.6880691134177093,1.1229781184656413,1.569867091657783,2.208401023845966,2.449056299370754,1.471638485701905,1.6886683109810252,2.244746670022025,2.743999802052616,2.0769311861481627,0.9252679227321012,0.6158077183430597,0.4909558377076955,0.4507835649109325,0.42756934066508506,0.3602825570697902,0.26664435678554227,0.235017977875786,0.29390290166206745,0.5464800640360227,0.6700686135451874,0.7609291763713452,0.960874113208517,0.8918289139420879,0.726660343485991,0.5879110612009006,0.4693864494069374,0.4018398376555795,0.4000139203589479,0.5082515036139625,0.7539746625720362,1.129076788807082,1.6446077063064597,2.119900894527784,2.3163292936160196,2.598749673772836,2.9563949747329286,3.4926598604524695,3.570262814066455,3.175157049289155,2.618322632205337,1.6207312968371208,1.02022075300219,0.9254868064394091,0.8302107606703298,0.7432605327498012,0.7694754745314716,0.7814105017056409,0.7851432754825567,0.8078634235237792,0.852716245753232,0.8322128239735305,0.5993011827929393,0.22663131025607688,0.11704437501051561,0.10260996025004676,0.09000414324547792,0.09468182861361221,0.1085882435165234,0.08128258723080473,0.06595056713455721,0.08496687320267186,0.08783041638788558,0.07608147371067481,0.07616726313045755,0.0996747139802177,0.09350580115707019,0.09013637391993157,0.07708352938193955,0.06809474681607379,0.07417393854630301,0.08521519187484983,0.08298594681731263,0.0737768931478113,0.06165436941100166,0.07238632658026638,0.08099079907702256,0.0852778083837534,0.0738696099525527,0.06827611360940512,0.06598545448368712,0.0718534029752171,0.0724366081524275,0.06400747908156405,0.06499322694121204,0.06668362655658615,0.07291378642365066,0.11927907629211303,0.18733457129843079,0.3540627548725561,0.5654952649939611,0.6877618880011589,0.6891070048172921,0.5685147127228111,0.5067808035034813,0.40883958633118156,0.2924087826095966,0.20289059846788735,0.12281874954160224,0.08957315302076813,0.1051181575263119,0.09541106478189007,0.09611807522785375,0.0890696367229197,0.12592486513263013,0.13449732092433703,0.10164393796999663,0.08365834466371865,0.06467462236966015,0.06899839092337647,0.07166643500872892,0.10765680611779124,0.1201362062469906,0.12371413994510871,0.13122354835442476,0.1105036034807252,0.09330568052691934,0.10050354215940407,0.0885492515759274,0.09900453302219453,0.15944989760409756,0.27490944124304656,0.4087107358537109,0.4483759138394466,0.3925709970454444,0.279521435289418,0.21782303814572737,0.20398522723579127,0.25962106151099973,0.28999608789779796,0.2837422040712133,0.2883854304647678,0.3135564306458157,0.2890597956014578,0.21906594396270992,0.16374018968178275,0.11858807462982586,0.08997651759880446,0.07038979882258288,0.06946748441717328,0.0715679639109896,0.08661633172931318,0.10362463636528621,0.11887644773155619,0.10728699823513356,0.12039424026327547
Agua,0.2289903544017223,0.3790608710754313,0.5378041152057427,0.6245028331510032,0.7156809710660302,0.9875730445633331,0.8948584204190845,0.9782568742113225,1.801233590651026,1.1965051822606556,0.874644403910976,0.9951471068290354,1.3263201143216568,1.411919460872809,1.202108475035351,0.42327510619505665,0.34263488732570047,0.2714567912759799,0.23689345285472763,0.1782114527732262,0.10890633847078574,0.20212306373515498,0.14846748118329378,0.43727126845130865,0.3977543660592307,0.4012118098365733,0.4850252939175508,0.4722811596016866,0.3645593513298275,0.26839059919196556,0.2623144160041493,0.31678286255532834,0.30150910396542785,0.3452469968865242,0.3835889092469581,0.4138385999399802,0.4902499048282605,0.6891306408625859,1.3113163310042464,1.7782849782497934,1.2103993750736426,1.2864286470190451,1.4871604676915324,1.5524671334556057,1.5874797428397627,1.2737649018700663,0.8062375633143312,0.38459185606859925,0.46933134043171754,0.3351990051248758,0.24928712805906775,0.24282211988616328,0.1895876923357499,0.1381076498387097,0.17909031759668192,0.1948898881819278,0.1231257152373427,0.10318510355514962,0.1184728272654004,0.12280062053199403,0.128625857549669,0.15871229527234762,0.14015104709869333,0.15210405478323594,0.12662946340778292,0.1215792525887456,0.14561990566621105,0.14886656072985902,0.14959481974179115,0.18887223094502859,0.14800669330372093,0.15196711823629394,0.1400605368278397,0.09762348184003258,0.09851951642215794,0.08719723376424678,0.0893292006482539,0.09615286690404616,0.08005407927300846,0.06380032144682884,0.06724695932474292,0.07616393529917038,0.07085617433580824,0.06996059972747148,0.06698645189579615,0.059584389533276286,0.06103983641261503,0.06451466336144894,0.061674513355747564,0.06313357079626278,0.06054853540392331,0.07715114567354342,0.12405257252400197,0.14102728620597746,0.1690126550277455,0.23286417880616514,0.3088791351822732,0.44842214609127806,0.30412402577237624,0.15436359615429557,0.18389323344640823,0.15455120709574088,0.12335797036083725,0.10861747179366824,0.07652970492308409,0.06962965847830742,0.07988931172877081,0.06506574720619672,0.06722444837027411,0.06161582880763015,0.06327421906709846,0.061807612015700404,0.05781708419411393,0.059724758805567144,0.059818529603560884,0.06107659646071757,0.05498784263617535,0.0561398164557736,0.06286102738844829,0.06168776302183701,0.07006025661402655,0.06421539178860558,0.06960708961001669,0.07737759350607688,0.10698760555050611,0.10797270207790718,0.1094213144072922,0.10804005191994351,0.10945205454957482,0.09586718865108397,0.08939660343490172,0.0803665931889487,0.07822612655283756,0.07193773185993327,0.07010455022894876,0.06944001011827106,0.09381180800485639,0.10625322441671703,0.10510323087461287,0.11285655433547143,0.0973578336066603,0.07398709556492912,0.06375109500677008,0.06445188180486858,0.061155719030253054,0.060198418809370484,0.05841764790047212,0.05603756108454803,0.062098522231821655,0.053931148669051854
Agua,0.34690343252546957,0.6952484890819053,0.9512041619488085,0.8138880021216033,0.9912564461790103,1.4998046469667718,1.6399529595896376,1.8634000455258901,2.4498253898174194,1.5889314954380445,2.08002502610268,2.034062671941963,2.721442144360097,2.5383979779920978,2.110936841406221,1.345322782725176,0.9969539093578742,0.7707806444092216,0.6337248314331407,0.5394248887313347,0.4879896683251541,0.46684861313743203,0.5662663914435526,0.9699636907190569,1.171911400138364,0.9050679494443168,0.7963810758904847,0.6167609696631696,0.5900841635390943,0.4537714671298386,0.42771291603216793,0.384850497232792,0.32301239624791755,0.33332261446211986,0.5277908560148407,0.8557394375020977,1.0495443252992585,1.1036930169727317,0.9599478125532716,1.047193037640392,1.0448889542331141,1.2006409017948207,1.244635672948344,1.3072666461367657,1.0882003698301144,0.8941244668618116,0.830488024754013,0.7189771122427357,0.5459045084479188,0.3848169224046256,0.2611460826470332,0.18277065396034553,0.23351356848547403,0.4418824531245177,0.661698990874492,0.8388076921460579,0.8159740320201143,0.7622187550004278,0.5566623603795703,0.3494063711028532,0.19338292967677528,0.15099365431067713,0.13507424166237253,0.09743841047878596,0.06475149144318426,0.07862844856341931,0.08575766039984413,0.11007849652744042,0.14653251427674183,0.17356901603778646,0.2288616496365487,0.24464987570093222,0.1561111339560825,0.09468670324661226,0.09630427581006777,0.09442181776803095,0.09352651510546343,0.09803505115977831,0.1160025852078881,0.10619091240188733,0.07639176410123755,0.062020499553107816,0.05724340063580484,0.06941580031010505,0.08382317777998459,0.11664838538016187,0.13596178435570544,0.08954396136579286,0.080084220953518,0.06647287838341004,0.07188699035162213,0.10427795508172662,0.11346287191640717,0.21706688854942247,0.31203506572953604,0.479262239588218,0.5793483722687905,0.8212969576509663,0.7280546197442196,0.6043175195874223,0.5543504022159049,0.5385616508447373,0.43077724892632785,0.3634451474769683,0.2863318330515461,0.16557054573934174,0.1080190482728119,0.11981241421838329,0.16716201394126373,0.17767015853758222,0.1951144873829516,0.2009645422497938,0.11453414308788679,0.10674154680751852,0.08501625706173084,0.06303146152646089,0.05558778134501178,0.05953339330925005,0.06054435428170986,0.09123493445268312,0.14581906597914854,0.1689566867890767,0.2040812183587794,0.17511729980340945,0.17620235827234648,0.19978782803069114,0.2488249317451364,0.24756340315961467,0.268091869477399,0.3771794547635152,0.41087536011835313,0.35631230230281846,0.24879386911688323,0.227848665007659,0.17608973454907528,0.16267739793362096,0.19860398307579563,0.17870880368675207,0.1645821979748777,0.11919107942729971,0.08785522684668194,0.09658283647784752,0.14973827025621092,0.20138870125928576,0.21313702243232804,0.16588836812573582,0.11141595696605977,0.10431409776287923,0.1314584782899864,0.1653041447559911
Agua,0.30240333040939105,0.6837524308188094,0.7718563092051149,0.6395818651803333,0.5547298369631553,0.5377630398667955,1.2302689568212728,1.7917707727400123,2.7892991481412706,2.5732242407674475,1.4940052697705626,2.106999214238887,2.802911350744318,2.731085624413614,1.8464561036181653,1.0323580392150258,0.6367134499238201,0.5597815540167543,0.4879517735093848,0.41294463227059186,0.3780510449557033,0.39992500059973407,0.3589011326966497,0.6310098136721998,0.9057451432367373,0.9206330634377583,0.7121847226563442,0.5114603484856585,0.40783600099166506,0.29662634308379177,0.2554602272328995,0.5122252055270389,0.7981532204740355,0.8304736917872515,0.8855796812047573,1.3419301089630264,1.8897149852982262,2.4865713491149792,2.858193703105563,3.0432556731505556,2.635747174047087,2.983986150536431,3.038749662671331,2.414359721165012,1.6643892347318365,0.8401612391890714,0.567246596831608,0.6853933811222368,0.808158629230798,0.7738955927521578,0.5021362649206015,0.4200398051040427,0.5352423589872914,0.6913190444354933,0.6650716685678573,0.44345328661499905,0.4220255385786832,0.3135782730409086,0.24771160761343267,0.18422880508348793,0.13581556373023754,0.1309768531713273,0.11754442403984518,0.088728738270118,0.05217736128309185,0.07635704324675818,0.05621427247573623,0.05904287802085536,0.0691223596648811,0.0835219341416703,0.1076224006260258,0.08765409616611566,0.060966757232142205,0.06613946593323694,0.07706703418625274,0.0765623810657002,0.06787904366108694,0.06865567637486204,0.06728099627785729,0.04799639198901505,0.03081736228943109,0.03169031691830732,0.06342765309502754,0.08396935243398368,0.07333792331433545,0.06543468878264834,0.04821818684946651,0.04364981056689268,0.06592570080219652,0.08503655348151104,0.09205701176658207,0.1350630563448887,0.1896367917005597,0.26293080193776436,0.4266743575722416,0.5416780155853149,0.4345859406282736,0.27664426708684164,0.27558199068835476,0.2874864103586555,0.32959100541694547,0.34028677893275083,0.23554845583619302,0.1289711097242228,0.09020427902821858,0.0745096069339302,0.07948104423475538,0.08850125315942195,0.09482110809965902,0.1008481098117994,0.0978408304750156,0.08443475536385803,0.07502157280132142,0.06928562732187969,0.061365017195200905,0.062418560905872916,0.07519528281903733,0.08347758952672658,0.07027304139245612,0.06950011632925433,0.08113250830917978,0.08970033009762106,0.07958425093703003,0.08612294503006378,0.08457218919050284,0.11734034202680546,0.1937093688596259,0.3092695087022646,0.42488217693461156,0.4352138725012067,0.35165275916420446,0.3175938315333037,0.259267379933938,0.21323105417772825,0.22095806773989174,0.23834654411414766,0.23430335585032347,0.17819693421687113,0.13111307258655408,0.11100327824450056,0.10435704053078487,0.07593189069560785,0.05308864796136935,0.035998970842032726,0.042771235980150354,0.03966282457206892,0.044124553445791526,0.044508904091678535,0.04321162535965647,0.050063402124276526
Agua,0.2569833427486905,0.5362610602473898,0.6819713710755448,0.6808168046734655,0.8887031913945896,1.1597623645951503,1.6213870544065436,2.3385163270057983,2.639451995251153,1.657125199254827,1.4721281727869164,2.0207368160599755,2.4847248997336417,3.1943390704574126,1.965506291719744,0.8445312228617652,0.7416272974503693,0.5827649019020146,0.4060164705449125,0.3987357468006352,0.3173288977138957,0.3290696694194942,0.6022636188044886,0.9195772533493889,1.0143742659706279,0.9515519101816645,1.170948798802354,0.8086733666090795,0.5759407440574275,0.5663312951498425,0.5539600883354934,0.5715024827635996,0.5289821259050719,0.8802109930861945,1.398591897260598,2.161217392364213,2.2990079956353333,2.331002355709009,3.025373871636667,2.611536777509675,1.9251868137084678,1.0469732966189265,0.43676738563235884,0.2570808206518955,0.2633108704045175,0.18642891668587094,0.11107689413576648,0.08647686914215634,0.058064130166397596,0.17933044485323205,0.36150752054474156,0.5843601670455616,0.6632561053887522,0.8997112564865778,0.9059308210448302,0.7664950843264511,0.6561103829037329,0.6442658226272278,0.491198050222439,0.37786612055822083,0.28219261763688164,0.21196843631391138,0.19791903950203027,0.19093125937577213,0.15646607745884653,0.11445983327198256,0.09728825111191192,0.10617647605753239,0.11029538827907708,0.07340546199663828,0.08492497948025884,0.10373639760650989,0.10403774136828832,0.05134157286922933,0.08371919551666403,0.09949883817060849,0.04147316009486411,0.08158064929577714,0.08552564232479391,0.07733496732948542,0.07261168364093808,0.0685166024784373,0.05134346085093211,0.048518747364941286,0.06404224859906087,0.09496708100900907,0.10239163355901755,0.10438664053781593,0.08572593607574272,0.07109181449895664,0.08500745733018197,0.1691512685317905,0.34654468589215154,0.546808027804902,0.6145450374999264,0.6763429196889514,0.6759494291655996,0.5972998010362288,0.5322340185021393,0.415319637253281,0.34107353512910243,0.26852785997054857,0.20697588854429255,0.13489094391008347,0.09373279754533496,0.08456598588016895,0.06834049700938898,0.06898451101422978,0.06931038390607737,0.11951926314440153,0.08860073426211382,0.09312251064966436,0.08363161034466442,0.07467561744601824,0.07760467938360524,0.09031148107600731,0.10402160262314196,0.12194821014512074,0.14341252514711889,0.11512607251454568,0.13041184087710767,0.16810333795127372,0.21808089186973964,0.22405608679548708,0.29278105235356927,0.41700665029229206,0.5043574022363841,0.5647601391207112,0.5385290323460602,0.4730690186660701,0.48441808762485605,0.4351944224616003,0.2835399817705777,0.22847330668632188,0.20128884298295985,0.18895217436904002,0.21884772371927264,0.25984352904587604,0.34180715792333694,0.3095765345312581,0.30837472387086284,0.20129332041211614,0.12206775646820865,0.09717451350733505,0.09882876787214351,0.06793102100555974,0.06113937146712525,0.05921678664719045,0.08353863024189342,0.0910423608442858
Agua,0.3587776302523582,0.7549646254324468,0.8797487136646436,1.1047619613007935,1.0881105980707058,1.147960274877132,1.6224423455343984,2.7020964073428493,3.447565787984163,3.4978398292417303,1.8460516709079007,2.150161093923307,2.817868914949463,3.1779793015510984,2.0180546895944143,0.9302285977727183,0.7022140283737203,0.6482173797883944,0.4505082698212623,0.33910275943011015,0.2921355805712878,0.3119726203577073,0.4957945967598788,1.0773882005481192,1.3237789698960931,0.915016235502104,0.7305638888999496,0.5169469676009887,0.5276779327636918,0.4583718809242615,0.5488974611810886,0.5751233102176794,0.6114419033935645,0.9479790054026631,1.736450010917017,1.9004802792161477,1.405675163401827,1.5389699619675494,2.494691334857727,2.3283370814717674,1.343742138048332,0.9080378435405894,0.7304438128639625,0.5862278163391498,0.5759183599846647,0.3693810897654435,0.2719216812107178,0.3227533398115559,0.37974529885548636,0.37188992341557103,0.2993161397553722,0.28449869667101924,0.24476628619902482,0.24285453657333297,0.4288521369952271,0.6877406041107457,0.5247618916017806,0.6692907437771485,0.5776315624431522,0.31129084700388177,0.1823325547266727,0.20020293562535352,0.18396477213309467,0.17750107730701684,0.13702594759908646,0.1927106223360941,0.19601796201856156,0.18266416993862222,0.19433680574985573,0.16340313794989353,0.1489960330837467,0.10533607886858314,0.0974941831841582,0.08424604986602399,0.09202754098852442,0.10702567948542024,0.13077703605372165,0.16435106183099468,0.11939835821039019,0.11949890196281499,0.12644643026363928,0.13135688539649887,0.10504660174111277,0.0775634206495225,0.08805190163593714,0.09229067056074955,0.10693797887210339,0.11828255910913833,0.08937942881752452,0.17135855077685602,0.16478667654386897,0.1683808802828182,0.2557245294745219,0.28897167362475185,0.303546969036914,0.38434364243085606,0.3781829389654575,0.2092162386820472,0.1928798292688764,0.20581901766696492,0.21643787084493565,0.1666738638213816,0.12428933085622768,0.10934828923222625,0.07585160650648046,0.06882669621988827,0.07168566105556566,0.06711649861669065,0.08345783546106093,0.11351693860150086,0.12814714250532694,0.1308523023271384,0.11308038923299123,0.09476899272782932,0.08133248931127526,0.08012989659714444,0.09072163778825312,0.07322061526165735,0.08466851423165389,0.0802892188409687,0.0856580413926952,0.13092627436385526,0.17239446183833596,0.27339846283646113,0.16097483536921828,0.2884213441954967,0.2012833271825343,0.2536015215988499,0.32700938065713603,0.2877578938271147,0.3543312571050433,0.3527221174979809,0.24787197302865133,0.18950238428817956,0.17108353803580892,0.17710739095649608,0.14008100768671938,0.10078561822977235,0.1493644490140669,0.18023090399828567,0.27735745097611647,0.3382353503253299,0.25542804622462584,0.16076831263444705,0.13361300011271676,0.14685962449606285,0.14821746892458593,0.1890126702062258,0.18139781406043573,0.1328632719130007
Agua,0.26538997316441376,0.7104102424373627,0.8778122561546445,0.8549484081381455,1.0904186637597308,1.6020201309367192,3.023643019208118,3.939628892361038,4.221066056791196,2.232454754191687,2.154812574415998,2.1982663969034966,2.813594590420773,2.7328699186474226,1.1269776211879838,0.647771235323285,0.520519591575223,0.3377512401730206,0.2669943555979937,0.2621880514163413,0.268491490875149,0.25668396936106475,0.2617425234669794,0.2798278244985332,0.4216607422417678,0.6587469581553118,1.0046363435473726,1.0434797614303297,0.5293898711084293,0.40834175058230077,0.2988560752321571,0.20172441702743565,0.21500915292462194,0.22591097777995814,0.25821648756201687,0.3697796662925835,0.475183113892981,0.7429945280843298,0.7900271731273,0.47563130134688725,0.4104894760469482,0.3461434668107677,0.3841406979351758,0.2881498674618279,0.21143415593157983,0.27612254721544166,0.32853570372386753,0.36074809570831745,0.28612757379823117,0.1723331449402819,0.23906053341568417,0.25210467963507444,0.35587988166354473,0.3766036374386423,0.3251632340921748,0.280484891506364,0.31860883261410283,0.23229911964295832,0.14240874296539996,0.07519415778212672,0.045551253640967425,0.0705170337305485,0.06460507601583655,0.0660058764518453,0.048832297565168256,0.04035572614931154,0.05122271658863199,0.037024684240599744,0.04143326869654204,0.043928986109490524,0.0440349176413605,0.03994564096211987,0.04541921938066148,0.07938596587883481,0.06687760412989936,0.03956366682648891,0.012176427681654998,0.011982759931406302,0.012311944001480018,0.012702827487493481,0.012764489123637937,0.012295363572013964,0.011720343570402192,0.012041196059583046,0.012647676154229022,0.012764853819758856,0.012266813850368718,0.011940611052637485,0.01171049941615597,0.012535497936324493,0.0124976536375351,0.012645718776290792,0.011970292233189718,0.011674423868562656,0.011762850358293848,0.012346674735788786,0.012448691831063015,0.012283581376624978,0.01194657573135267,0.011641116067629359,0.011863596879913573,0.012493894819459719,0.012682166045392287,0.011824877262787439,0.01146772459806664,0.011725782354479195,0.012144258633496966,0.012527916858418245,0.011875658632269363,0.011672686847025585,0.011782357708601391,0.01184416459737491,0.012226414632424147,0.012239601014808192,0.011524585051803222,0.011515818191894046,0.011761048213170892,0.011828464022002933,0.012301907225173356,0.01202784930159303,0.0116601030641325,0.011353380615769668,0.011758739140708145,0.012013970535084939,0.012053748011187207,0.011778320963314713,0.01165776821624829,0.011242318264235105,0.011989894983271038,0.012363824504750709,0.011625064918443145,0.011324277489776295,0.011853429864070564,0.011483424086026948,0.012099927096986277,0.012278451845477259,0.011649069320182056,0.011698737657651151,0.011351827971622114,0.011989247349987995,0.012179239736456363,0.011853445489164048,0.011811360268203622,0.011215649643798144,0.01156467745143289,0.012231275679973995,0.012232251412056984,0.014274436772013004,0.013571577460420606,0.012880290363325685
Agua,0.3505921697199897,0.6793348559443168,0.924263117862346,1.0578775155249855,0.9412262490886292,1.3982740093801898,2.8770912205682984,4.161094409964141,5.241407550194332,2.473189185717767,2.208886252705547,3.117543169497189,3.458196518899473,2.306732792590458,1.1182360437475563,0.6965486175600277,0.3246498803554724,0.2715803501421385,0.2302644668199967,0.26191819261889376,0.25727729875905503,0.2394208204491188,0.2801066209147023,0.4288446472955764,0.784843438130102,1.229102569775347,1.361886271823184,0.9279554700999991,0.4919083622632917,0.3309041866435598,0.31413931766539577,0.3001178399701417,0.30688223797364117,0.2759879230356446,0.35530876883873364,0.5185913741807572,0.7208347757518881,0.8675588334599189,0.844340331820094,0.677613187478319,0.6449078729379567,0.6251572715390763,0.7344314769883296,1.1150339824520785,1.510733518279104,1.1781289149812542,0.7473332574362677,0.5516963604716995,0.2431793147736281,0.21004832344934357,0.28317348061863684,0.38297979149610534,0.41921878196129414,0.35225340048604376,0.360128636068812,0.43521155276587276,0.40572310859866567,0.3099395963248079,0.1898613965143702,0.13678982757530248,0.136938652461705,0.13996543847112156,0.1744137251961951,0.23103194654234602,0.20013966092104823,0.14161276136168993,0.0855962178240736,0.05668958760706171,0.04030152776695569,0.02999964884994065,0.031104140732200795,0.025976414840197172,0.02287661603159353,0.024710227409568804,0.02251713101096027,0.02186013703017153,0.019780980409305437,0.019217463427140667,0.01896781541585391,0.0186843161627795,0.018461700169052412,0.017880647967227745,0.018122601507918203,0.01769128162492023,0.017857282995948912,0.017731097684073122,0.018037671329524548,0.017485896849135343,0.017692144794084888,0.017838982209984446,0.017581050739364286,0.017777315346789873,0.017616810842050017,0.017565327653500884,0.017647021384364362,0.017771986999052337,0.017475510227030987,0.017485967306440708,0.017329846530348535,0.0176038740895499,0.017408435584261563,0.017575301594312438,0.017232960323604753,0.01771340011825963,0.01741959982630766,0.01758200257267291,0.017255670847964484,0.017425449482897766,0.01759475932297446,0.017599245962294438,0.017645507094269673,0.01731672667487334,0.017237038051307996,0.017491400524790354,0.0172575167571042,0.0174668159961944,0.017145278070413,0.017226559281078763,0.017369647400557634,0.017119042048187184,0.01728473708537672,0.01740588052570658,0.01719458535213212,0.017088334080621576,0.01726475057368564,0.017381455953016253,0.017089340373445547,0.01708259725011603,0.01736876503115618,0.01725718495696183,0.017150924296093592,0.017109934929837353,0.017174467360457857,0.017307701820824965,0.01747062481846065,0.017319298869476394,0.017211836502865435,0.017288506593677724,0.017134540339632902,0.017152958398077112,0.01694389799047598,0.01747832058071853,0.017119287592859474,0.017275631890312806,0.01723752312080205,0.017257804348880062,0.01752147848092616,0.01836518148024925,0.01999371553831818,0.019730378011684986
Agua,0.43312595830458805,0.8496298600808435,0.8752794879107402,0.9231459559585924,1.0088262731953517,1.6921618907741753,2.3085125222264233,3.9108054208966703,4.80428840754594,2.9641543112046254,2.8975473658865663,2.814542759357328,3.7554429638226705,2.368099896716151,1.3329377394216078,0.5701291956335605,0.3985884809639082,0.3482680462603238,0.3886342914888269,0.33210467353449274,0.3038791556839924,0.27998666023814,0.23774197832736924,0.249338520507354,0.34242667170022417,0.48365584545219037,0.9842172155051949,1.148854259784674,0.8930150627816948,0.4981388958910481,0.38673132272842375,0.36120965630275903,0.306107070001028,0.32087802639347385,0.4060632677379464,0.5362928838939944,0.6363398675546966,0.6036311386242794,0.5387024968718779,0.4448368366024833,0.36849310252859685,0.4149490011334871,0.5320191236472,0.8447101708334616,1.0174212273938106,0.8092430121472101,0.45642146368483716,0.26748560923998255,0.08688538451118244,0.11228892801800419,0.20819401098953766,0.3373081783083842,0.28913147383064514,0.20353771027134115,0.1762865931479559,0.10142073777146444,0.07813057618578961,0.06899297345906259,0.047753027582304444,0.05226124477883188,0.04955585844307729,0.040353250538709126,0.04352066131088628,0.03590387319223952,0.03940293562859042,0.0417184407094793,0.044730708841416875,0.03392647923222731,0.029750690125341022,0.026317761645236457,0.06043121043867608,0.08274509720414203,0.06897133397201091,0.06727984594492788,0.14174625411429392,0.08799366322975839,0.025213609780422017,0.021597898062782058,0.025055832485778876,0.021655525509859674,0.025479665766242568,0.02140117390494687,0.025158936549397718,0.020879633408061492,0.024211303238402072,0.02007009685624473,0.023320076858701886,0.019585500899499488,0.021766915074523017,0.018744561244148975,0.020674452830748653,0.018221113013743483,0.019501087102592973,0.01809902857822148,0.019210296710199443,0.01862535015098785,0.01900187060465027,0.019266620841796894,0.01884025949732111,0.02010979486724801,0.018915236064289773,0.020706257783243278,0.01814384779421132,0.020370287948361085,0.017235736423349808,0.0196416351580008,0.01613536066888326,0.01878084637573701,0.01519656901423819,0.017974569132769878,0.014840920384885766,0.017343322271595518,0.014410503906675276,0.01715372913869044,0.014990228481231289,0.017540129574727805,0.015644104122611132,0.01721848867788381,0.015920216147628195,0.017067659917003784,0.016208151621318202,0.01608865069697013,0.01578457390173718,0.014784844473480907,0.01532549831511157,0.014107392217715996,0.015461778383524263,0.01368156072405633,0.015354350119616484,0.013122714313843029,0.014912083516511042,0.012548965437507173,0.01497955988511847,0.013144461441605,0.01548663767374248,0.013010453006473896,0.01563252235797993,0.013166808834360687,0.015336517896378707,0.013166738259935008,0.015126780030385792,0.013306891615626742,0.014556359875180799,0.012879935344655537,0.013742633721186599,0.012316291454986718,0.013128172844471769,0.01529465757660954,0.0214541649294944,0.022095808783475564
Agua,0.3100313993189777,0.6151492178083585,0.8263078064073992,1.246723881823937,1.9796998631658083,2.6175301839918768,3.0450064504052605,3.9461491662898425,5.040477039367881,3.6084805736286927,2.3945489991721702,2.976703422251686,3.9675784870074082,2.455351218017335,1.0799775595276586,0.7567365621928468,0.4085411636863056,0.284152381939752,0.25501034984754856,0.20721632955028194,0.24099460072142642,0.25376442759828655,0.260183647771507,0.35225557002978075,0.615950824757715,0.9046971280413174,0.7611101975519846,0.6258811599759897,0.3738475689372166,0.17926968188573933,0.1540816138832034,0.18915493380676923,0.19522936386541723,0.22760233885195952,0.5267682823492328,0.7052512256936665,0.456576126183705,0.25817445337301453,0.2935045885310623,0.24818534987704677,0.19883359059480044,0.23394781640441673,0.3321656490401512,0.5446252266123613,0.7105179599869078,0.4281551918338898,0.21744678048724553,0.11263004351704475,0.10879990289265136,0.17095883326063346,0.24098487149504197,0.29981886124210994,0.2490496236126635,0.17172968021684085,0.16198028968134384,0.10282667810397371,0.14377702258615369,0.09657826794021944,0.12239103648736757,0.14497988029645498,0.16751310842125008,0.19271618739611118,0.0663596026277207,0.07362830128495008,0.07147881599220254,0.05796017183734736,0.02806194549348691,0.03720382935639117,0.032207822029677834,0.025203147899625897,0.025590804128969764,0.03595856579963573,0.0690560613241736,0.11108376089460714,0.10536296689695222,0.07097560914587474,0.022755306889305604,0.022156678577775587,0.01662989752671195,0.018268112040186534,0.023992724077379006,0.02199518488866054,0.014017768898071718,0.01424226268898806,0.01692827012704142,0.01645327953098605,0.013202473337288507,0.013931056662556274,0.0138759338464362,0.01944708974939242,0.02068661520119425,0.016385884064545587,0.018876519273096973,0.026291163291844957,0.027577079315267112,0.02247672327458785,0.02187915839261552,0.0282882704478546,0.029333117225542462,0.02245096889244018,0.01995833412282505,0.025410256353009416,0.026302186648139478,0.020654240697991728,0.017050709113134156,0.021563974561820073,0.025579952926791466,0.022581364946144645,0.016716342290944937,0.020523150728756923,0.026164647052855268,0.023774935497150634,0.017437118346314045,0.018666865091323072,0.023871781407416907,0.023709223324751862,0.017963943460640952,0.01614829323083218,0.02264509789481434,0.025592984763114043,0.02120851580158242,0.018392058153971644,0.02465035977078474,0.028768524058483017,0.025384833226621335,0.020513687030362028,0.02449757517884332,0.028558860131772845,0.02411933817314793,0.016895470145055814,0.019426145137189422,0.02255797765507619,0.018891658602033387,0.011848953156158061,0.011370066412869008,0.016704709003932037,0.0190125900584991,0.015780866082823704,0.012020290987793145,0.01820386600691139,0.023899179565578254,0.02152408032994951,0.01695641508940745,0.020444022890620393,0.025780083798858294,0.024526998414087647,0.018552017893995656,0.02092719661901629,0.029353381867363654,0.028357531634167488
Agua,0.3856481215004524,0.8231110444405223,1.0893863284791157,1.1025403412115211,0.8267669044354302,1.047356870697928,2.5337811964092714,3.7246244097062564,4.680934824284087,3.5710542794317575,2.804640087003335,3.1909497293848226,3.3371300249754303,3.0465538939233934,1.451964095434497,0.8187915953271304,0.7291916104379763,0.42481000737964403,0.25656391258774425,0.2966632008649593,0.3052597415261284,0.27900031036860884,0.33407019654997844,0.3480987811283276,0.5729702725116527,0.9625137012619398,1.313273970113211,1.1206835020928525,0.6923305949350324,0.370819047533248,0.3819767385982199,0.34313905032177694,0.40607020253090664,0.477004805292723,0.5790783963919807,0.7329746170556352,0.6656912063804397,0.49227520648820045,0.5812906547059472,0.5055492621492974,0.5867177832031234,0.7957413211067133,0.9906735133177229,1.1486627597985088,0.5353694873365153,0.5902240851426508,0.3854405666175922,0.26041382902680144,0.3442113019056086,0.3716756814542201,0.27468372311781475,0.1750125363531605,0.08367331126800548,0.10031673722287122,0.2040785514668004,0.1845491681447139,0.09402091070566995,0.12720715310029873,0.22855006936950162,0.24582384755081685,0.1589360255416531,0.10661353829553144,0.08876263744845399,0.0558596613865687,0.05283596892352728,0.04160876348472402,0.029562203462709248,0.02088078352248477,0.01775905706852631,0.03261709594910999,0.0425194326885903,0.0451098383161195,0.04024407601883723,0.04936197612563041,0.051991491486978465,0.040746850041647895,0.041531334007867626,0.04158853539622774,0.03305773110277756,0.018318379785122164,0.00871933753370065,0.02292574066211366,0.03640952837021826,0.0437929994854878,0.04366644115241976,0.035915585579544565,0.028062510396979278,0.02776219703426743,0.03417876415742556,0.03801652812749179,0.03662070608595596,0.026657976218050085,0.011143211915037421,0.01121465674493764,0.02891177130437881,0.041807181911666845,0.04621058053387576,0.04406551221287537,0.035333735299708596,0.026254136649515064,0.026157066572100568,0.0321270175684541,0.03514393953053096,0.031699919847027296,0.020904752263078138,0.008417793385544322,0.0184157204486362,0.03498918703280461,0.04548357267456465,0.04830761949445447,0.04358278652337001,0.03360872427857854,0.023915564516734877,0.023946506151948266,0.030145276387664118,0.03186411873979017,0.027186717900010024,0.01592380430903536,0.009756836707256035,0.024680990001534193,0.039462444985954366,0.048883539674366,0.04916714864340374,0.04241524400302282,0.030603568932116226,0.020436746354430962,0.02185270024020721,0.02821609893907357,0.029690823364873376,0.02348984750133912,0.013245595061197211,0.015584469965863372,0.03054486950792729,0.04374921584475166,0.050889062452171424,0.04858150353838689,0.03975050204305888,0.02646348168021158,0.016801863427083404,0.02053969511831622,0.027634644535583265,0.027921421158450182,0.021107001567358553,0.013767130320827416,0.021178602983350073,0.03570793974618034,0.04719500776220996,0.053116810772090864,0.049306863365574626,0.03812117695795432
Agua,0.34984322568590176,0.7681912126844452,1.0846169506175893,1.0410355180897701,0.715672184956099,1.4544899414607297,2.4988740529783517,3.4618661300071567,4.7704135959712275,3.649740820515154,3.2943413243773643,2.9995404519504087,3.2285593104637074,2.123734610215362,1.1148767969748707,0.7663150179524867,0.5488954688804921,0.5323770645664595,0.4299128296246591,0.27839043713681605,0.30061722756311526,0.32224784264259826,0.24372549188717854,0.2667963541452437,0.3665426705161766,0.7466321403024653,0.925871633258415,0.6840528780740245,0.5604851730019333,0.35045687135200077,0.2725468372420948,0.2755643229491123,0.2687803089289133,0.29705593826098614,0.41935906174067944,0.5658863518606854,0.7580019156404604,0.8978400583746677,0.8650002676472763,0.6905938188570027,0.5554078474426474,0.3243856453597805,0.12454853598802539,0.08466167173537864,0.23406194590774584,0.39326858331557457,0.3963706290355528,0.4153329480900436,0.4065178652557672,0.2685131994587853,0.14155123752856746,0.15596221632835694,0.1174633199783692,0.1772044654077927,0.15694388552280136,0.18103140855482713,0.13868887544958838,0.08681584117859356,0.060199166020940255,0.06585359100798815,0.07673908008288974,0.06525219782666715,0.049625997058826865,0.04946274544603398,0.048011108026336374,0.046941994764726325,0.04551728645981311,0.04281872386575658,0.04206844059534907,0.05335203243729445,0.04040372125606579,0.04500541157592922,0.05271238442826403,0.09922680319571096,0.10978848813307297,0.06610975291233266,0.04270242803885446,0.041332386254141935,0.040657031986703174,0.04138678681804616,0.04059386295184379,0.04112877046056165,0.040862260276886636,0.04053479686014744,0.041220466311327815,0.040547491769602415,0.04110306971387578,0.04116912065024437,0.03998165314350072,0.040935066295370096,0.040346360474638285,0.0405160279567766,0.04071725339954291,0.040165743482184144,0.040699523328697584,0.04013179410583277,0.04031186091583367,0.04069537794219715,0.03994493787517346,0.040731170323142746,0.040278845468347084,0.040104297417038214,0.040636220311310964,0.04015526360735366,0.04065488435912808,0.04009176521350889,0.04024312116975434,0.040391429283332766,0.039798908296214706,0.04053473870099295,0.040075546622908055,0.039897636447212975,0.04087075649103097,0.04004440243748547,0.040335863697930276,0.040187446396341975,0.04004611695262245,0.04056463243101641,0.03968084146106458,0.040395015224485194,0.039957863988205,0.03990330426684997,0.04054076944271338,0.03973844916716581,0.039956490410396624,0.039851153403632864,0.03966589893308878,0.040497911324988756,0.040044649408076546,0.04024548193911516,0.040006083069207464,0.039697231310034026,0.04027634587532579,0.03962208640319747,0.040123676624984034,0.04013170315145117,0.03956237997080507,0.04015525188942161,0.039922986818634876,0.039948642583690644,0.040186454060911335,0.039926454041744094,0.04054923209263364,0.039767746861718495,0.03994710157155906,0.04037649922496706,0.0398954698374387,0.041373242947009295,0.0419795616099787,0.04210104604632702
Agua,0.38184140382279963,0.7929046562625613,0.9483086612096119,1.067217173560689,1.2952766362416512,1.5111682605592305,3.2044827901743322,4.211950339958672,4.559996283841935,2.592639376936724,1.9668018348299103,2.972159793525774,2.605065171886004,1.3702287812812453,0.7195548196157906,0.4718502887326548,0.3035233559280103,0.19980839170169448,0.23048832764927965,0.2903571061616223,0.2503005280829023,0.2468195844744191,0.3088810105295253,0.41917561387736907,0.7558221818614367,0.9840256684592061,1.1819831626936206,0.8744993092563641,0.4513411119142183,0.28319813338341715,0.24162091761075438,0.29080741056651505,0.28203397194704904,0.3319353626217054,0.4016594344522497,0.5575138879567445,0.7993824962140215,1.105097959504278,1.3932005898469833,1.3247946078411177,1.4143341311516686,1.4529311983957849,1.3425701080143124,1.1814535248261584,1.2108982266021167,0.8736183681163983,0.5905625521579151,0.44815736410032664,0.5235012338058463,0.28187736286703674,0.14647363126067448,0.0902114687074937,0.11791579550948691,0.1635694186850003,0.15478220272684412,0.14525471434288012,0.09760580855041044,0.07506524794386382,0.0578788807872363,0.06062584822425378,0.07241358479891598,0.05160247302231854,0.04098094847912212,0.04490768196759136,0.040215189286576594,0.035273202062627754,0.04440905832819725,0.06790387637613084,0.10051867792695263,0.15164883420034897,0.20249351107039962,0.2676591364240766,0.2920113098549708,0.19988137772670928,0.11830484080146822,0.05850245439831683,0.026952467201457667,0.024784325913231015,0.02433841136130986,0.024167804141951178,0.023418690099532336,0.02321150996758512,0.022959985905501534,0.022194138419591773,0.02233289296687983,0.021815295492383074,0.021850335429083767,0.02134598875657072,0.02095583728265061,0.02086395449610874,0.020615489731531173,0.020505296348304385,0.020188209419280834,0.02024265938097345,0.019975388273569126,0.01977030096137592,0.01981585337809143,0.019558179168683004,0.019564354976011777,0.019507174523560915,0.019325793557402805,0.01935707496419654,0.019087589337058196,0.018949058636948967,0.018744253263177933,0.01899201033913478,0.01848532022675872,0.018365432240175165,0.018364286699663404,0.018164222785933062,0.01806676370072718,0.017610140895861784,0.01754886881619325,0.017402849489590644,0.017462016656848517,0.017264935373256955,0.01710863067841603,0.01684753455296077,0.016541828127211132,0.016560409624734866,0.016482970911574173,0.01615387498417777,0.016025534384875504,0.015837366646101678,0.015840344223848744,0.015369604032882242,0.015199538613492927,0.015044404024193289,0.015125594490399857,0.015160781484817776,0.015161552759522523,0.01528163619595513,0.014795755874074992,0.01393026257981225,0.014129399535422109,0.014437119169007239,0.014460636650984751,0.014460099165650657,0.014244039759726851,0.014135307613079845,0.013919566281376894,0.01406859710818348,0.013905037222253109,0.013960212365291446,0.013762467030919438,0.013959167329574949,0.013953783495579145,0.01339108246122254,0.01135217559281117,0.01219789466317491
Agua,0.34742391073711526,0.6872404434298642,0.9274510432171796,1.1694167586949242,1.5635904733826511,2.0080554524297107,2.833514340746235,4.210979452707739,4.5012666832824335,3.4975056113112912,2.5723563321406426,2.117779538438504,3.382795185353201,1.6078181013560569,0.8375299708509443,0.610109403308335,0.4857892767790533,0.3189846477362903,0.19820406244673294,0.21833598251385727,0.2954789459033867,0.24688345696228736,0.3630925331167655,0.5365020177709257,0.5968593833894527,0.5158356765926009,0.4686225968139055,0.24044315781790482,0.13949501922018276,0.15030951256853667,0.14723150130728638,0.13441678138909163,0.14355649326932104,0.18212374159017547,0.1587875287717429,0.2477829240344404,0.3800115820021879,0.38877578380611055,0.3618752663693522,0.26060877491771595,0.23056884528908528,0.2611105357682517,0.25851495393345614,0.38380894423689016,0.4720570860578138,0.5015217293622425,0.4979229887197603,0.26985903400239564,0.3191573693491125,0.2342829871625464,0.22540975008808067,0.3818293620196708,0.3541820344483612,0.2174931315420753,0.11587886009110131,0.08599169172415014,0.08544313587353862,0.08895909244338406,0.11665595561283787,0.09253364059055874,0.0672059953701516,0.07452635855990307,0.0677768403397314,0.08535796117829937,0.08297311479176131,0.05791669914770608,0.07862304496662526,0.05751339401132763,0.07201928086503495,0.061881818266876554,0.05320064768106576,0.04092289380323137,0.024996060109501013,0.02246295565129782,0.026802422889063884,0.023555620674063804,0.01479012283025084,0.017529146473859183,0.022820855282849575,0.027302078891078673,0.02768775824171709,0.026761900855245924,0.02214512187347098,0.014959024067029833,0.017454955159827507,0.01574617844910988,0.015796681703251533,0.017057932297187613,0.013806573679313318,0.012378702990934012,0.016170050258068537,0.01735150241210723,0.015081678194898343,0.015173280896590396,0.013818938436109702,0.010926320833130929,0.017392902276387345,0.022479275858738122,0.021585459691169012,0.014867258481343874,0.013607775964349133,0.011143795827249637,0.02178947389678972,0.027620968305734676,0.026525413655695454,0.018611980591733183,0.013501422404389774,0.00988268855039977,0.010575312896473291,0.012657850715845626,0.01008037380097552,0.00994404511740464,0.012667234437488621,0.010249028838172674,0.010237872396828508,0.012357765326238343,0.0109974643498594,0.008679107506632575,0.011574345324088783,0.010686021311206042,0.008089421598738964,0.011229385475108314,0.010882337249991233,0.00797183872206798,0.010583575856040006,0.010497155597302849,0.007728298025661846,0.01006183987693668,0.010937328901743778,0.007880011330324427,0.009470374292345138,0.010691731626103219,0.007735982290048751,0.008506118391777793,0.009779447830179039,0.007759306346955061,0.008968531724851911,0.01097699759588215,0.008210465768319023,0.008187729331048409,0.010510210318615987,0.008231997347701992,0.007358894516600387,0.009822820618598998,0.007999104931847231,0.007029340597616583,0.00914846299022087,0.010526084988556783,0.01674431842707971,0.013486253523057335
Agua,0.31465664117913317,0.6103682128086834,0.7844481115392667,0.8827203966132628,1.3413136193154949,1.8200380555266333,2.663392222318862,4.414273568447913,4.697730948491571,2.3188420521613344,2.3691590656150527,2.694516834452485,2.8130125833413104,2.1005482554168076,1.1259267499242043,0.617519416220629,0.34911310479963,0.2831496667702594,0.22938196100592706,0.19216823285310122,0.20071443137127654,0.21539953688565466,0.2196280297204693,0.2854673153093556,0.3919601591282784,0.6450462962407261,1.0208931391295486,1.2163178658130396,0.9125892830336566,0.45496151582211075,0.39353191724227343,0.3595464356285364,0.3538569407930745,0.37671278735547076,0.42173563018052385,0.562853641279292,0.9129350570448946,1.209009903851094,1.1045627322986769,0.9927532943360905,0.9373774969520066,0.9029526261737215,1.0488752235416492,1.3257932185987948,1.394471597710269,1.464420158036223,1.1095752359927387,0.6625222503917236,0.6831830717197966,0.5233344309811534,0.33392687972480267,0.185536474040976,0.1129279312750158,0.11413167418539512,0.10938798031251196,0.16480750240060504,0.2748867854605088,0.1555329653041641,0.1540885467779455,0.11044133214308766,0.11727725715325685,0.09836101160837948,0.09280693070854935,0.0860952245069196,0.06308224719104706,0.04315379351536698,0.026936891323381926,0.04951066201855789,0.06381575130724466,0.05937980046892698,0.06490182570661382,0.06125333264623598,0.11088739757324023,0.18012295482713991,0.21097111283877606,0.12117790886865853,0.032203673441979865,0.032546016228713975,0.04643862379582596,0.05456340254980286,0.047273966003934666,0.02950162001413021,0.034048205478156665,0.04595071674389438,0.049599274124029,0.046793367093191686,0.033250188207195816,0.03173013183104149,0.047990169128146444,0.051798413155358256,0.04433149951531033,0.03270419543993358,0.02610154393499588,0.044473567793481744,0.05664005602791708,0.04915904133986021,0.03209132873529091,0.020331785406942363,0.034532467971775255,0.055154273813108064,0.05746380491110989,0.03952462584512845,0.019831642456990137,0.024836004997625838,0.04631712860686629,0.058796571606221766,0.04971940544452337,0.02759273428161541,0.023498860231617742,0.038300317329967075,0.05259203440847241,0.053936550703022584,0.03727205053251484,0.026346160902523705,0.037788869155939805,0.04699709241646734,0.050739022293055616,0.042064663777719946,0.02848781878182919,0.038776733037957964,0.048943999492462746,0.048160252534236676,0.04100817603944486,0.028606113993548763,0.03455271583875737,0.0515171764355362,0.05245437820059782,0.04032886679422694,0.026535699159866023,0.025938062742296555,0.047189498790840986,0.05789737185546422,0.04759801800684517,0.02787914743092199,0.01879279274697767,0.03653551636513342,0.055924335981265096,0.05616712085994556,0.036562857092076406,0.019053577623569618,0.028651965661958063,0.047248355307199556,0.05727888345407066,0.04659503668035255,0.02618523368072035,0.029051211193578147,0.04189050690102438,0.05271434057362988,0.05211989151575891,0.035968734401354015
Agua,0.4201303340129816,0.7601226678538798,1.0060440113179605,1.01511571208089,0.8519291430165183,1.3079168348572185,2.8533894334540757,4.405595529591812,4.406547437915728,2.000816723157183,2.8067466422876777,3.3116476404918043,3.846224264566429,2.34286314205484,0.8561987579702921,0.521400174553297,0.4436925091455624,0.39135341975236226,0.3460592842704647,0.32455239696638705,0.3504398087847308,0.30309950468193664,0.3404431749649116,0.4496880886717655,0.7959539837528241,1.0740639024313146,1.0560106874404227,0.6443426621982583,0.44007096059210665,0.3698101548249951,0.32096981421655435,0.3241312394247041,0.3350942103655433,0.3340229449191284,0.41062520897084015,0.4738933416066555,0.7387298967644146,0.9614867734281961,0.9398362994604743,0.41913522081394694,0.10601008399673865,0.3589578729759021,0.5073944606236059,0.17380455639713635,0.10594827123604558,0.10912948955892764,0.10802628740678634,0.07600994120241447,0.07494220567064232,0.07392300455763436,0.04511616850272342,0.0499535929428454,0.041921354467062445,0.04357024751628685,0.046804130829199896,0.04081079379196233,0.043295703995332877,0.06489901273416646,0.11757141843302944,0.10260420382360504,0.08878929077898974,0.07015497099806393,0.09201194696056952,0.10176132355931311,0.07439621926382484,0.07300450605122055,0.06877861480586371,0.047271646511542746,0.03186433446166726,0.03357061249098456,0.03294804476484644,0.03204032309383643,0.02892288954537044,0.0311281706979039,0.03637055034087319,0.032250902503150373,0.020187766203823326,0.02166181985537474,0.01916171373596176,0.01902460664035144,0.019923084035046165,0.01716932103924026,0.01879560015869865,0.017596396265751994,0.01672972653552,0.018251940079646575,0.015456416599340118,0.017169765348555546,0.016308884401704575,0.014693233955847967,0.01661501704647051,0.014207854320161173,0.014816985942919261,0.015343874191882993,0.012744169432799731,0.015162593086267074,0.01323317899855599,0.013295734845041585,0.014221297648121163,0.011905042972221216,0.014015822802742686,0.012783633147021483,0.011925837382397698,0.013532737102474324,0.011099706691073854,0.012593922249103738,0.0121100427167507,0.010595303085332484,0.012516886527555674,0.010876723183222824,0.011367691273459012,0.011456608965589136,0.00970146120616292,0.011565906826917972,0.0103021301831228,0.010027252790490701,0.011229392870017984,0.008987320463564069,0.010544954216019947,0.009851647637222965,0.009157131658299544,0.010651439255544601,0.008759045868948736,0.00952606553317267,0.009709522872321274,0.00845369434080461,0.01008551364713155,0.00862566424567115,0.00888713787094056,0.009743244740606347,0.007594779169694745,0.009216002501860108,0.008226486309512539,0.00776267595237504,0.009477469340372188,0.007652125810208632,0.008826563562560192,0.008677994517550663,0.007390030646834155,0.009156212605331657,0.007089233222838765,0.00804633445804672,0.008468902799122264,0.006758701198890646,0.008245389830908549,0.00678293966360688,0.008483241641369425,0.011907757821802948,0.01604630336519998,0.018835041797476745
Agua,0.06780222273022024,0.43234530135665233,1.3162059010919285,1.220531784766655,1.2675350725184515,1.4341009721021027,2.482080653414218,2.732162077599531,2.5414454317868427,1.8082556181796938,2.8055325654752563,2.061729840372261,1.606575130587614,2.0386403615524866,2.0868513558613584,2.6827287272609475,3.1165206808317825,3.1502482515218593,2.429630195430221,1.7513166584634055,1.2853560432873685,1.391949163229106,0.6946179645953011,0.47727139815838915,0.537790142575594,0.5414310808489857,0.45646503404512506,0.455077968245171,0.3521993580610334,0.5009948128856891,0.6577616652363808,0.7182357312154354,0.9639038138616559,0.8315905339957781,0.6298131211619152,0.4937746179771814,0.4607769611409747,0.6284116824320467,0.5098633858596604,0.5587643644502915,0.4670527766860673,0.42882813915104195,0.33433132367545326,0.2568847352247864,0.2302430289037541,0.3251271419787854,0.4051401593996247,0.3212027294522751,0.3138713410362529,0.4006909331532581,0.6146986203264714,0.523734795690075,0.593425038078445,0.456094650058292,0.31293785005954433,0.27136658729152374,0.16596457342013912,0.12713803463037054,0.12276418877388999,0.15379026033832138,0.20608793473289466,0.27882504577993505,0.3146051353072748,0.31934722599571874,0.26857950232612815,0.454086323473245,0.6219074230632156,0.7019377661323618,0.6174990771098079,0.44074823414476016,0.7074090205622064,0.6830925791636708,1.1423537165982052,1.3364843062734402,1.1718276233542748,0.7840807413980518,0.1531332442704782,0.08258540752473569,0.06589500377452089,0.05204419024357401,0.07457602667317985,0.08311219778048887,0.0642456738516439,0.051232516656919955,0.07491322406092109,0.08351676397220703,0.06124541880399451,0.051454904912040265,0.07670551481645481,0.0828189136247332,0.059911572107598246,0.05257078423487235,0.07838249488446006,0.08170122268599633,0.05773083638278166,0.05419605669275024,0.07978475488195198,0.08168528415847084,0.05600541254006344,0.05524505936415266,0.08021868212438338,0.07945121409418879,0.054155603291503894,0.056805593261983756,0.08176503294324007,0.07851810016963595,0.05289332074890221,0.05885962489761998,0.08233831123493297,0.07707616434784988,0.05112974072338948,0.06044759890538259,0.08336920591915023,0.07568077537085843,0.050453324004173836,0.06251581438287601,0.08355203783610535,0.07380175830497436,0.049217913844757995,0.06475991468241812,0.08418636911034982,0.07239746780134149,0.04841200703717032,0.06569150113620745,0.08419770052162269,0.0703356455690857,0.0484120052822956,0.06865513568851213,0.08493942599728069,0.0691059768425851,0.04758767193268017,0.06948656953758611,0.08414870892959597,0.06682643981506667,0.04826942625352323,0.07164003181799099,0.08437913268566023,0.0648154610178171,0.048771595793779605,0.07324158714837097,0.08331443082672388,0.06319587361273891,0.050077818109426034,0.07529876103802989,0.08414357036256137,0.06228302180278062,0.0509715014598052,0.07677869258489026,0.08318218297446028,0.060276283594379275
Agua,0.08168815293616902,0.23193042260271712,0.5490070321408003,0.4370135427783083,0.5169826305750822,0.7789519405222566,1.3310349792893197,2.1280142708553442,1.5488162460426769,3.2739483023223324,2.736169958287482,3.0601406698842224,3.6090928608110846,1.6486623815181476,2.2056285319700955,2.6391002526758394,2.836306950720915,2.331447611729288,2.047029657192378,1.4220884474120652,1.1381342990958954,0.800425975084785,0.7222397732566179,0.5991834133271173,0.5799074144506327,0.43717482327046636,0.35546273938596734,0.5235864908848004,0.7677511583915165,1.4371043914069483,1.6282237672928859,1.918274337351355,0.8155427698315116,0.5927688294802766,0.47894271551726003,0.5031255119990041,0.4632735318459753,0.37086385561134133,0.15882151128167157,0.14092548564988017,0.21831684041356192,0.21493757619259174,0.3853969499672444,0.45668635603227137,0.41148734715981566,0.2540485819563965,0.20703386959216122,0.2110849913744101,0.42525782023281045,0.5176460875095097,0.2959357444652327,0.23760411295271103,0.16320462200240138,0.12045339240346488,0.10221534044487512,0.10366430815149,0.09105125668457204,0.07018384272278395,0.06023736403699653,0.05699204449081092,0.05728259970703756,0.06071257791351069,0.05145933920061639,0.05890024811292197,0.07351731409866052,0.14847421117443438,0.2769194295645584,0.27469091925108746,0.297784715311427,0.5224412455616516,0.5428984924501407,0.5540392356023429,0.4291330754121141,0.4441801218380361,0.4393519824349803,0.22388246053278485,0.06540236390982541,0.05074971830447925,0.05170864664456114,0.05141906450971499,0.04912686694089855,0.049621468917657216,0.049861416466209764,0.04806800461624325,0.04795529506234376,0.04849844982178974,0.04748519351600246,0.047237752331579425,0.04805287480289724,0.04708945727892968,0.04664195759487502,0.04728334757753351,0.04651360287912584,0.045948197137856736,0.04694546644901962,0.046258810134188956,0.045503559543922746,0.04624311556734507,0.04629374628001142,0.045467856949729074,0.045764348070795005,0.04595002766862617,0.04510595024223519,0.04541212642521318,0.04577743351944474,0.04500840476941749,0.0450866885681082,0.04545567979194387,0.044887010214873034,0.04475579277848286,0.04531862578416995,0.04514232547719208,0.04461088787921803,0.04512611385806378,0.044927333038412454,0.044368977338146494,0.044796296213123296,0.04454774215833982,0.04431778931015344,0.04479098906940807,0.044592350287590926,0.043985543319763225,0.04455320203956133,0.04493744966799063,0.043930036383132934,0.044198149726389684,0.04464971212352495,0.044124488556726654,0.04409855331854595,0.04502158968565208,0.044170458670180913,0.04364050847882808,0.044184684932391,0.044214799114588095,0.04374584472852194,0.044161476130116215,0.043734059190247206,0.04353539648516601,0.043894838961098526,0.04415611311624756,0.043942355837830425,0.04472756030029901,0.04438346376893161,0.04456065014122747,0.045711268700705604,0.04499625503577934,0.04566280527617154,0.045350230885870105,0.04667385754931016,0.04719296730453783
Agua,0.15645861518484125,0.4510837386657993,1.1606850256274048,0.8648310646970819,1.0313509081298498,1.0010948066090242,1.901495951314746,2.1961757640731605,2.1451724168731987,2.26471447341276,1.700956371574108,2.2876093945786735,1.635168840861197,1.6737567841733159,1.8333151753006527,2.3516471073687413,3.5113077875731245,3.1745683364514443,1.8991097768810932,1.6944418621519186,1.1893029223021976,1.368131975234594,1.1177310495573074,0.8594900264165073,0.531465793147652,0.3533257361657146,0.39581239168902715,0.6009595960288908,0.5335146951101711,0.4508740442408544,0.5582073488193994,0.9002759673635989,1.3907807268368635,1.832526406089462,0.9393323153216417,0.5973090727654623,0.3883736856891588,0.21756895648765162,0.15019743484085046,0.44985191576006367,0.9313961399814085,1.1497702800545224,1.2565611807923582,1.429948218848283,1.3351217213789746,0.9761112310317361,0.6594611128003726,0.3974483880661352,0.23357949354761356,0.21365857080300185,0.4153620975367647,0.3916419450052249,0.2561732540258455,0.16518232357313517,0.11431140342871363,0.13726759728858176,0.1793672595484399,0.18772193683418742,0.2484635345802368,0.4010784364033977,0.5552703486476066,0.7620572930971942,0.7687206148232216,0.9385168742301928,1.162057134011763,1.152583916229435,2.060931291359796,1.6803350264995134,1.8276149406685709,0.921494761403689,0.6558444023627457,0.508725182310888,0.4954700358422148,0.439313267978451,0.3210386332584832,0.17277460591004518,0.04841595008813775,0.048318650807447995,0.048936609408933913,0.04736810588592714,0.04810391062134149,0.04788899006197368,0.04696771205994389,0.04769890624256032,0.04771133888330335,0.04751356591257366,0.047451490115406406,0.04732607034501843,0.04760294842086228,0.04733615096384488,0.04718193246473547,0.04779468747565263,0.04779926537793097,0.04775677607717826,0.04696438421697467,0.04797377214803964,0.0466859803525653,0.04778660527242787,0.047615250176947475,0.04730548448104598,0.04691472884177471,0.04805222172228439,0.04663322046801041,0.046668003283155186,0.0472456626043463,0.04763581959925921,0.04651909593333018,0.04781871360850324,0.0471111659547032,0.047221092115278834,0.0472142370475191,0.04815727410265979,0.047273102767768665,0.047107758509563155,0.04707397340407075,0.04754800765680675,0.04686468241459575,0.04749303355877306,0.04735207578797979,0.04764424177098409,0.04695689628707471,0.04764893284476335,0.0474401768559735,0.04648305806302218,0.047766556601707054,0.04726252513648043,0.046851366071399225,0.047595339723643534,0.04801191415560156,0.046639771467839666,0.04767249337831127,0.047645227707195446,0.04707807003975704,0.047188498275207255,0.047308210178231905,0.04686596559407841,0.047434165769731904,0.046742853341526974,0.048494895581583146,0.047165016616506926,0.04707341869389556,0.047613077732539,0.04752134195125033,0.046896767165670816,0.04806998670132315,0.047274443291821185,0.04868333937636712,0.0476188318636819,0.049263502207483864,0.04780931223564965
Agua,0.18246307737887868,0.42274292541663,1.2207483067054183,0.8175533094670433,0.6140602896571988,0.9322585793371803,1.3298619264918088,1.6887347994510944,1.4245582293110424,2.570538154994622,1.719138891505391,2.177542756624298,1.6314720083595287,1.723434620937761,2.4073644376007817,3.3417356677668284,3.608707488380778,3.2526331803248296,2.823244922411953,1.7484383480113033,1.9797444365836685,1.0284212020249062,1.312834108727463,0.5994051919998651,0.8580710931726404,0.5909445097478152,0.3552101313591555,0.43746222985133837,0.5093893180447719,1.17827361941289,0.9246340616704704,0.7340206051098033,0.7322345927872836,0.40768468197233076,0.4319138947853243,0.22437531107815523,0.17099530531964993,0.1626966373688545,0.14858490796317186,0.2679647488162067,0.3471336635527725,0.7698562461264539,0.814325435537805,0.6938050160237489,0.5987795487831925,0.37109177823889705,0.28152470678239067,0.18170306567988379,0.12774716350727114,0.13186133828309088,0.09131804688023006,0.08236715244696385,0.0883004946008877,0.08206833621238901,0.08791760376921127,0.12336794475852575,0.17595009560551042,0.23779594436036433,0.30057034787288195,0.3099264195736125,0.4284416507010681,0.3512957351280379,0.5815858674871777,0.5269666770073003,0.852088384150193,0.795240361244508,1.0336712327071398,1.5419143105927475,0.977474217080764,1.2951578285553766,1.0393289014383993,1.037692861901615,0.7483801260960745,0.5188221258088515,0.4529170782767802,0.21648066314342337,0.06343171400010693,0.03444253358639944,0.022793596739237792,0.03481681112536731,0.023420758935201073,0.030873810906818563,0.02918916167000753,0.025146739263301205,0.033588985722396505,0.02186432234215935,0.03559704440491393,0.02173034213921996,0.033889864068699316,0.024383369673027934,0.029199005487735897,0.029348126404258698,0.02310880057416944,0.033203409243278935,0.021031430277149415,0.03392870508738317,0.02154410075604186,0.03223224642506064,0.024640702070732465,0.027602727657601835,0.029259114958341145,0.023089873602064635,0.03318765690036888,0.021226054931616573,0.03361631732785949,0.021026633349562653,0.031063878357055565,0.025031607642358313,0.027085835832124365,0.03037180930824515,0.021969689838465645,0.03333696279809402,0.02082562546463769,0.03289479428727823,0.0210438739413544,0.03029330273605588,0.026273634787821312,0.025991375704382792,0.03067332130698649,0.021205053348245517,0.032555997778367096,0.020977976295783372,0.032961500842533006,0.021747625841518438,0.029636983001992825,0.02619387948453742,0.024377933848119336,0.030489879736352723,0.020923199447139905,0.03315895209371466,0.02116465762881834,0.03192720010616181,0.022036669501444995,0.028791888653767764,0.0271178238362872,0.024007828508713653,0.03135119200109103,0.020903568481695334,0.032758420664189825,0.021111537394923947,0.03244039687794553,0.023486887399073914,0.029803036266981192,0.028844551565688374,0.025032187229554498,0.03398325402476968,0.021813452226898407,0.03455022985419999,0.021715168312663343,0.03344197712226609
Agua,0.07216030347796468,0.6125081005411768,1.3244261417370313,1.2963224395100352,1.715871205658455,1.992803622361697,3.5487210433631122,3.4995580955165013,3.0309723553036365,2.87974033698345,1.55200122416636,1.9582293869578065,1.8713855397173194,2.3120437455991105,2.5169476128621513,2.7572852407344013,3.3463074779845394,3.9678460429071944,2.388442565214918,1.6838036863411858,1.0883313737702505,1.0544051104607302,0.8753842613626194,0.7798605307446189,0.7137329685791116,0.4849197261191335,0.33340127715012674,0.592281703567602,0.9657844811460694,0.6743643405915075,0.7600069021821312,1.2468914914993303,1.727413361483583,1.1524930487140848,0.9038039741226469,0.9020659459327227,0.5546050912502247,0.4627622681120298,0.3690283545977609,0.418184122322145,0.511928360664583,0.7767560184742509,1.321483938541398,2.565569211398266,3.6813510190532783,1.9870060630889466,0.85913523830544,0.7439621481345648,0.6384808467668588,0.5220932786936872,0.28933213280222725,0.26732718213764517,0.2829134984001912,0.35386669630578754,0.30261861962087144,0.2202473480965642,0.22379418286746317,0.22475714532992783,0.22108711505940026,0.21312578222463485,0.38052838088243884,0.3667358259239043,0.41296870217444925,0.4218594501365074,0.5455856313849109,0.5942485454394171,0.8013483484802899,1.2236129625533365,2.059392341485609,2.143238004532068,1.3326521040944983,1.7177415639671794,1.049044559702993,0.7740413249308191,0.6827367813394063,0.3160952320815918,0.17150438006143626,0.16287853041152078,0.16335778726604253,0.16701619202061893,0.16554442963356725,0.16696335962220976,0.16833534496872035,0.16607153530063568,0.16869237944111812,0.16977123031988375,0.16749263031012226,0.16903272827252427,0.16888673121054829,0.1688617085309356,0.1702614906020284,0.16852078077772803,0.1685253814433374,0.16997128365959063,0.1686867554876609,0.16868010437549966,0.16843240522555825,0.1679402061394749,0.1696102419001264,0.1689985296546397,0.16830541040843916,0.169432437893797,0.1684435672660795,0.1686131193423147,0.16881172824309748,0.16815856224357995,0.16941461382320605,0.16931764502849028,0.16714489495978777,0.16787483281073956,0.16859784048622575,0.1678935513285662,0.16884649822957876,0.1680675072537896,0.16834728311315938,0.16892933682062933,0.1673204510744102,0.16822159845729937,0.16893591988407383,0.16845038376514115,0.1694908330830118,0.16875615458407334,0.16748009687019055,0.16835184399842368,0.16787362153891267,0.16779781168480098,0.1685697203544771,0.16809645807090737,0.16788949318818777,0.1683185491264074,0.16753798963867078,0.16842160748806637,0.16885786727669513,0.16749370551032827,0.16838260026242946,0.16901812585217454,0.16822363889309797,0.1680487053508233,0.16697003767324264,0.16766894099509527,0.16911908667990536,0.16846871637516964,0.1691385790055269,0.17022666111702056,0.16902248731765845,0.16986481322927793,0.16922654575843812,0.1688975917475194,0.17036444890556143,0.169036352583739
Agua,0.10669183687626003,0.25974740548523784,0.8451896743273888,0.6394072782772657,0.525089065198124,1.1403949072609545,1.2972308647015085,1.9211825816899792,1.6085024060173745,2.2151269900433395,1.5777840142398154,3.0773526530442963,1.8480159221478858,1.6596085314136986,1.585539622789077,1.9535345940641458,2.526921569743529,5.264058248510787,4.613345104966807,1.6818871589464277,2.0778901807921555,1.411104192401897,1.3004901972350824,0.7072248242959746,0.37341880401204924,0.37409844532570247,0.3376992902056961,0.40167513949433675,0.2859646444028282,0.43087572088967824,0.6233999473210053,0.9127212149827719,1.3624720801522527,1.8106550804648502,0.6819979740966371,0.5267319794293173,0.3356511399487901,0.2959156628670838,0.21454784372748875,0.238449885252948,0.22013339785052943,0.2167934866406256,0.2941934335541284,0.8400515806992941,1.0271434271107938,0.8517943327124693,0.7603960053345841,0.3208279900512415,0.22900244799648975,0.23228647562947752,0.2966304245417595,0.31999525898909886,0.2700879421251327,0.2599016552190443,0.23003746241173903,0.1781675068965257,0.15847201678762907,0.14338866891929633,0.14652989135457403,0.1436734684433329,0.15003794574081888,0.14896738110971502,0.15556569918541707,0.1592589176233136,0.1938057956845876,0.299842491390906,0.38509147820899187,0.49856601163138337,0.5248873504661975,0.42154146637430184,0.6912513662667803,0.749694658968435,0.8251242385805972,0.6044813157720594,0.5407146256279217,0.35758656933710103,0.10695869356043407,0.10882656894179048,0.11253178001021824,0.1195474460759344,0.11601378286214215,0.12342764611395801,0.11740886976344109,0.1249825031908077,0.11777693589826041,0.12598691777895873,0.11834230962697646,0.1263238608316675,0.1186847917740037,0.12619709140719731,0.11894309393092772,0.12624222815563158,0.11936775369276295,0.12576175971782408,0.1198347981875946,0.12572626237406131,0.12047027544412026,0.12522724486904938,0.12149390557834674,0.12460987433011644,0.12223220006877063,0.12346864276356301,0.12318047075052718,0.12259816757192965,0.12426302108610662,0.12185744717324769,0.12479426971825514,0.12079527543554432,0.12522888345891633,0.12064348064757667,0.12591936215485366,0.11984231069887663,0.12601783520434387,0.11960402999729952,0.12638551831452774,0.11928038495177325,0.12689820769941274,0.11924674316179129,0.12697468226086428,0.11922053177472236,0.12658043961025917,0.11919672560440998,0.12603216502339762,0.11969759660231621,0.12508839864835916,0.1202091716228561,0.12487643429935043,0.12157699137821208,0.12439063527051301,0.1218375663050527,0.12314786139378846,0.12231759406765971,0.1224329136351257,0.12282757261239292,0.1215096581762239,0.1238893606488994,0.12098384086169221,0.12456910143050556,0.12056588730418734,0.1257756326684011,0.12023780588192635,0.1262316384782249,0.12125081186645581,0.12753911654346278,0.1210771858030649,0.12811296918626464,0.12016273179690368,0.12752790016960303,0.12131387588512385,0.1297185333364652
Agua,0.08708345888182198,0.5128245521063615,1.3365573246243285,0.9098279981250507,0.8699682703201259,2.075658836634017,3.5658248187733714,2.550819878134937,2.549745443337851,2.5584816982481646,1.770970956510478,2.519810673733743,2.9420418320446435,2.2867913354770106,1.9559949136683188,2.753115138668342,2.5573431552348973,3.2010864124505733,3.178750508138369,2.821647669613485,1.8164041595858424,1.4885640128355186,1.0435850777388695,0.7008027463627561,0.4747562174742735,0.3811764573387407,0.4866515530375799,0.3747239633323582,0.41313587467948487,0.6506870282956749,0.7203128006103425,1.1043479454369385,1.5825970347864398,1.6291087328784617,1.1925431681642529,0.8211246483437207,0.709260168409451,0.34457293817149925,0.3442647442617084,0.3768023348369728,0.35210191176945344,0.4095532306101507,0.6987541035565132,0.9553814088523023,1.4631367399968154,1.0531492033116643,0.5613460811530635,0.3473314904622186,0.4380238772824778,0.34625884125253703,0.33213186607748013,0.38797184173793203,0.39514763874452247,0.48449575225731933,0.36457572925819504,0.20815110479077503,0.1865282305718448,0.1663319565617392,0.11385694005582517,0.08425814248241657,0.14897872654539424,0.12397500238682288,0.1284027496975507,0.3202990929598872,0.3433118474153092,0.5188981739165843,0.6125849085677476,0.5010370566371279,0.6897500844231905,0.997449653641101,0.8776964717757885,0.7583266179211888,0.9881441876254571,0.8897212809501058,0.6796948241941554,0.34530510173956636,0.06820834457138905,0.02813970899562091,0.028155376423139,0.026984551360558644,0.02763944939671989,0.025966011301368132,0.0257351374577364,0.026107312798466533,0.02690706659130746,0.026362668738567983,0.026118388858523425,0.025798088505336155,0.025535923105169958,0.025862034207174082,0.026151058562017358,0.026371085450086856,0.02564178728729162,0.025685485443414487,0.025121045725044824,0.026029554252849398,0.025529803563788304,0.02596375204589153,0.026016067139098188,0.025549990108477368,0.025677799740407105,0.025519952814923887,0.025802516180475493,0.025316291749327823,0.025863150318353005,0.02596490956385618,0.025587388956848922,0.025520294254482434,0.02564986750598692,0.025413217575749297,0.025501816743205463,0.025614386952547988,0.025542211298689645,0.025241357792225444,0.02584853956364485,0.025222706848658783,0.026346995911184147,0.025197413845628572,0.02579971663501469,0.025342516000875427,0.025420182324636713,0.025180059978196046,0.025683043169917763,0.02560277568186347,0.024991273714659083,0.025296494522282307,0.025579496027106303,0.025249137040557652,0.025708137237558035,0.02561957281755583,0.025823681328476563,0.024947538654329134,0.025543469659424133,0.02558601350780314,0.025798772155536377,0.025252411060258138,0.025948316512462138,0.02535779342070708,0.025335358290510028,0.025929690342611344,0.025637110135601087,0.0260232380997757,0.02681581380644888,0.0268877395510895,0.026392459168127793,0.027651643943181467,0.026752545105567235,0.026422632539223657,0.026230902683597863,0.027886412838709993
Agua,0.056079831781598664,0.2564579691402325,0.6146699949817089,0.431208363681452,0.49261454095156004,0.8024587220079754,1.258056402294129,1.101140155608629,1.0749537659368285,1.6023392385990811,1.5806541869988193,2.770604465941493,1.0371572252569494,1.6362963202105565,1.005277798979816,2.1968050334620255,1.6396932729886475,3.3690959116321793,2.7302217695316022,1.959619128325366,1.8562382297334847,0.9796207654135924,1.2637909112124535,0.3867104366422721,0.5890232272552748,0.3749452928592904,0.7295826498198954,0.5031597556242311,0.5715046917219848,0.4604280166100581,1.2764205361773773,1.4145106628324584,1.3441284251038423,1.8297919226869803,0.4890588586741577,0.5459407446088456,0.2552674216374494,0.5345886010229204,0.30913264294937676,0.25676024947681547,0.20447403971468275,0.22055523087486245,0.2811795369241935,0.5689103302508594,0.793355291315887,0.6457812766297975,0.6868358122458076,0.2578410308001209,0.26374714284770645,0.21313396915000193,0.28778734491624025,0.26683736398900165,0.2836454893466097,0.24798262323675063,0.18385145523608268,0.19859885231946756,0.10825171589176424,0.08454933373911436,0.05525767401834485,0.037017301370849416,0.03052900767985811,0.04617710440296596,0.0641169395050115,0.08353305641933981,0.15068702023172337,0.2078751225206255,0.3155888947165215,0.398658655089438,0.3292575221318361,0.4150481275103025,0.5631048906087572,0.5344242163979669,0.5667177515399109,0.406744036187791,0.38009357163095564,0.2145142632342928,0.044415254088271405,0.012090159597342809,0.011144128333454045,0.010198351868201111,0.009043997235203346,0.009284548014599787,0.008413514267097322,0.007938885398527686,0.008138142581517713,0.007485585006699156,0.007594836161066969,0.007616310242665901,0.007217957604071602,0.0078134962466594,0.007116829225105437,0.006862228049144501,0.007380973570980737,0.006698590532287873,0.006690736516949733,0.006619599898427728,0.006372316179863369,0.006654262008809232,0.006492130236273059,0.006310945701959196,0.006498576919824728,0.00606195523047738,0.006297307336618985,0.006351498982567328,0.006055240249513086,0.006312457526941952,0.006147123576292334,0.006111047282591477,0.00627315786557285,0.005860347521741206,0.0057964305233038586,0.005989089321975453,0.005840245297640532,0.0059998943798601195,0.005807162928445354,0.005997319345693849,0.006294458898982647,0.005918029482144578,0.00570754658196925,0.005844219930411472,0.005416826314975779,0.005904254304724455,0.0057113192424670224,0.005507480127552888,0.005511261947909248,0.005547753658078013,0.005557318341992073,0.005799467638791092,0.005666120570672977,0.0056134754696482965,0.006025507690903302,0.005686430937187056,0.005589854881193821,0.005373844933136008,0.005341953308642091,0.005676534713869366,0.005761939668602176,0.006046336810724678,0.006490873707658529,0.006027817886832312,0.006666130484808828,0.0076581397763845985,0.007820505455155445,0.012266667141365997,0.006573653770393238,0.0074219736972955495,0.006815756697818591,0.007772749455921132,0.0070358052557885,0.011832023514123506
Agua,0.05960704166093532,0.27635830717672794,0.7678848205435838,0.5591100722824425,0.7238620477975682,0.7560638936245296,1.4737385717027163,1.7888344463422547,1.5748938910510715,2.6849648744985184,2.384109897604001,3.632194205149701,2.2327902936670467,2.0936310613104667,1.890319325176364,2.266573241538869,2.869091308717738,3.0132436363970614,3.1626755164838274,1.6678050547631382,1.2942042960546878,0.7889712585759796,0.6859408013189825,0.3998838189851419,0.4897986991133982,0.34022523778945024,0.34258120243689344,0.3555781965989177,0.49310270100340664,0.6534717725565082,0.8850448293311665,1.1768735604255156,1.0075433980239632,1.1869975921410343,0.7512185949503083,0.6386725617407734,0.39519797518562266,0.24435155406349038,0.19003280127334335,0.18961820553478062,0.24325153377011716,0.531910963685261,0.9034154423090691,0.9164054722647615,1.086711394674019,0.8780300294815885,0.9611170689375086,0.736683772285593,0.5501816290540591,0.40241625189780045,0.29115442257598767,0.2108977654038748,0.20722848370477215,0.1940699987990469,0.13296960955697704,0.13962040183933594,0.13278805026530807,0.08500547152013661,0.08092435044351219,0.0582628586499452,0.04816340610506337,0.05777369878079455,0.09719379951096505,0.114153199077172,0.18256295556817023,0.23148578167345718,0.35510364674796496,0.5224827156813551,0.5030941299182323,0.4181034777303032,0.5895767011552708,0.4909876823966647,0.39104396011197945,0.44163917697061505,0.33738325330494134,0.1526715058821984,0.03881295328743903,0.02248591725064889,0.02280100530050609,0.02259405497514216,0.022412149996949498,0.02255216333931726,0.022603429654266316,0.0228924172036696,0.02301185651965171,0.022986555686509244,0.02285201559226849,0.022617567082658205,0.022476176116827656,0.02253223548159659,0.022598491523331352,0.02260720736406373,0.02266360365535937,0.02285320689818178,0.022692736653359375,0.022912809500244817,0.022424802221602473,0.022415575289360525,0.022496414107440063,0.022337512052074206,0.02280492841305954,0.022486467060842567,0.022788248462638813,0.022571087646023322,0.022506467573627724,0.022536036810651028,0.02220566087794142,0.022686056324248385,0.02232397682416986,0.022417164118869813,0.022641285274186983,0.02273699973803231,0.022288243699176032,0.022345259021437247,0.02238084198950478,0.022170233980407135,0.02247146918462682,0.0222757485414345,0.022704722096934707,0.022306849598103907,0.022559707499224597,0.022508572394538316,0.02231938224560471,0.022017125698224067,0.022485998765387556,0.022389393040393186,0.02232543655812124,0.022310336326278383,0.022860609177215174,0.022125790115313442,0.02249149067024337,0.02215448784060021,0.022140106678797695,0.022124747410030697,0.02232642201980498,0.022134004312923172,0.022437574325395858,0.02237429593024394,0.022192320437946514,0.02267969440962753,0.022480129299905716,0.02245818075509046,0.023455801124979254,0.023679757011624645,0.023773850063513343,0.023324311607125864,0.023763499345982608,0.0238497346471084,0.024163959507094906,0.02622743889194349
Agua,0.03884920778684766,0.424953807865656,1.0019476396853317,0.8074298098024026,1.1370562396560768,1.3480271974792069,2.610423573264218,2.0014113164883915,1.895206906952947,2.4190392162810035,2.2424202763051606,3.3750175778734937,1.9195364460340578,2.2014640860975057,1.9872742451377525,2.893029115343926,2.785157909292992,3.9985126553387014,3.1601513169321436,2.8770319312508428,1.9706818952150744,1.5565685905334625,1.0329223269604622,0.9102616689805265,0.7492109277812568,0.5129771413936224,0.5011248455488156,0.4505258086961106,0.5845620472861348,0.7496663187297197,1.216306423967846,1.3758693191880753,1.7029187557468013,0.6147006622770743,0.818118485044893,0.5026130268402818,0.5367101326097062,0.3895025387654708,0.4171072098389018,0.1843705598099772,0.24839704388850736,0.2576782689575898,0.23530781914426427,0.2896246465976664,0.5694527927090888,0.45477199124865914,0.20992552676720358,0.18019163608996508,0.3063896217861608,0.2727044677452116,0.3242614074548102,0.34595046662200396,0.45037951689429045,0.32520477801931247,0.21745811520192024,0.2090184586286012,0.10670487975223825,0.10831732722510133,0.07416968091008433,0.07054063652863451,0.06829241967036265,0.0709453099926376,0.042571134862565155,0.05087675074885731,0.08854572457418758,0.12839959670080867,0.16642975173659572,0.19093493115720306,0.28201897869016523,0.4836467897595138,0.8141793168928901,0.8650355088328594,0.6044065752350638,0.3721403132574766,0.42285772291699886,0.25374911477115836,0.03805327698811994,0.022296100237891848,0.02119523416365014,0.020752101480190202,0.02079615885257925,0.020290811646722445,0.019921808847033554,0.019734631294199643,0.0200119956463578,0.01976469367093877,0.019397704230418325,0.019230380505158465,0.01931412984206221,0.019291114987542435,0.019305859755258056,0.01926727758616752,0.01933637267246236,0.018917451462612055,0.018789216162535687,0.019217977261543315,0.019043209816424392,0.01883534169408472,0.019140971404891124,0.019084976464430994,0.018921075432349305,0.018869959942418555,0.01850018638421915,0.018952487731507612,0.019041561544137244,0.018790301216351127,0.018478408752649462,0.018781554763433343,0.018924946864645326,0.018275328984005763,0.018694306526536468,0.01899459334856338,0.019182065239324145,0.018370476008699614,0.018898035221351424,0.018666472682718944,0.018722713645182732,0.01841559400429174,0.01836486816633095,0.01866269457495994,0.018868074431338335,0.01888227185747463,0.018077735304069913,0.018878411914850058,0.01850607312577627,0.0186692861418797,0.018533545555215625,0.018666815394771778,0.018829216703358916,0.018553985729276922,0.018304257286780652,0.018188393726188447,0.018706786639141965,0.01845635722592894,0.01845904502837528,0.018742789386955824,0.01864843447350362,0.018092498514799625,0.018091320457077925,0.019057638541275762,0.019340326169040016,0.019015038074001706,0.020144887544190093,0.020863696062863705,0.02037998660998265,0.020147741448935472,0.01913878233497847,0.02094339219903081,0.020189998032096153,0.022063982522903713
Cafe,0.05632127419872784,0.19173670251013197,0.96200542002394,0.8770118456904535,1.0507106415904048,2.7530058290042216,2.050934268981634,4.3525716792052656,3.9434670505148244,2.769819370158838,2.182902908592461,1.3563306625718918,1.4103901236844314,1.215784096648052,1.7436877131934745,1.781481955784682,3.6682421657656605,2.8379173612189734,1.4556230905506737,2.827614459083989,2.534833457104611,3.5004280051483954,3.1208298935854097,1.722599501998311,1.0019634613974915,1.325412265307879,1.5544498574944732,1.4228003046924051,2.490168736326888,2.4444979714062027,2.1135888891392476,0.770347159871934,0.6465424997845383,0.6234206122933704,0.4320185013674818,0.4232857957846616,0.5000898985020102,0.6486676622664467,0.3527274648924442,0.36822071509144294,0.584348442851719,0.6591801635393764,0.7693269959527551,0.7293388030865154,1.1143675036942815,0.7836814255361642,0.6967923204275234,0.573709496280894,0.4162609087453522,0.3210968565429625,0.27797128589501674,0.21990286400152154,0.19367871071685,0.17598983484189962,0.15383757546344268,0.07863808484837735,0.08097671113277492,0.08972090901498479,0.18145454390944465,0.09519118815796246,0.05274619107637542,0.04527420304667088,0.04373168738415395,0.06518841710308892,0.052337547898953646,0.0690243459490308,0.09213454194726478,0.08094667070109413,0.1029529101389666,0.1950312740016792,0.21577193929830024,0.23919916659271995,0.34383159948413916,0.31135303374720324,0.3487332896880009,0.22245552293100357,0.0410468510564404,0.036171963120819946,0.03714466716812474,0.03670651209122114,0.03728467822755856,0.036569838126796664,0.03725492223416465,0.03636291341026622,0.03700252285031481,0.03615952984932875,0.036761673498865305,0.03607740649304264,0.036590976479861814,0.03595589949735696,0.036421068883230795,0.03607162693295809,0.03630310151847791,0.0357624471439169,0.03601823875920661,0.03577094012532172,0.03590017929261427,0.03555878912351386,0.035475338211821375,0.03547085314856359,0.035366770555842676,0.03544945348852965,0.03524113942399396,0.0354914449994917,0.03532763832150509,0.035573274670939244,0.03528325820552913,0.0354938778832688,0.03492597244977785,0.03541382988859691,0.03507028310828698,0.03544153572773787,0.035007479246609165,0.035346469873498224,0.03487452542843758,0.03521104796282567,0.034916043019682465,0.03529009392187508,0.03474536017565478,0.035146457081158766,0.035034435614295124,0.03524680169124944,0.035065721235966636,0.035076760106447696,0.0348827199568787,0.03513573330771501,0.03511657176272803,0.035039447492293374,0.03495816410859834,0.03487840186600678,0.03543213418017485,0.035325728495446906,0.0356479066310953,0.035002992443424315,0.03526917048396596,0.0352570841642508,0.035318207700272504,0.03518608111980213,0.0353044439986555,0.0352661842460222,0.03547851809568325,0.03524141414259805,0.035409051676586395,0.035461449550741944,0.0356769126630451,0.035446745205235254,0.035755429425945236,0.03479264238620365,0.03568778985587353,0.03526757658192534
Cafe,0.08889555067283718,0.1686487784339046,1.0013072773966183,0.9931412654995695,1.1827690481671276,3.549525310018737,2.4135295934325036,3.500856755461217,3.8516294994140012,3.3735453939275306,2.8382407052912155,1.2959666629885138,1.3350828721937829,1.099932495920813,1.2079888321837264,2.4502112433095182,3.1799331466725853,2.4823383673459474,2.414545954471991,3.021465657235156,3.7069243146638513,2.2607263528794546,3.978888139417695,3.1211599634062255,3.337888674080951,2.9679187967036276,1.4914306421032126,2.8770558402738815,3.6090784755355774,3.5202168812931283,3.1412076676129175,1.2454157914841921,1.6471336444770723,0.5969305603516225,0.8012120618709802,0.6027020033377147,0.5029187516499154,0.636778242479151,0.31976710884811194,0.6720308575952619,0.555119174235819,0.8462701263722006,1.1492938898041567,0.9819801519760687,1.9150767303559224,1.692592999804742,1.6405267928251643,1.555297800953302,0.7469368624091852,0.5945192365184837,0.527510133193029,0.42039642031425983,0.28138495314442175,0.3741306195247097,0.531478919202208,0.4689212231954295,0.4088683941816685,0.16654989331609227,0.21047555093591597,0.1609102563726639,0.1481023787805284,0.296241641543744,0.304846696480363,0.25197924654071774,0.2867535512060577,0.18094504561448319,0.06092731694626523,0.1113234099435601,0.10129731543213871,0.08642204686011934,0.11758015969422496,0.13613003219584643,0.20572656018414973,0.32992370346107963,0.38649712130456687,0.1428858825791166,0.030121901112197747,0.013065897498730862,0.012418660142096935,0.01233504303936717,0.011925438700126462,0.011485692108427847,0.01170676659257313,0.011320084481130668,0.011186402345004398,0.010897208962106351,0.010737980279889451,0.010627144292855915,0.010246832887914344,0.010466106661777521,0.009910343632642782,0.01006387240636194,0.009979634063489482,0.009726365651526136,0.010146318975341965,0.009667457428916261,0.009361659144147286,0.009520043118871564,0.009171012064317178,0.009690354999502156,0.008944359360794034,0.00922283832469259,0.008909293181508892,0.00863828772091831,0.009007860275568495,0.008553407784975353,0.00880503027841929,0.008559097832449864,0.008257774829343324,0.009059912930992018,0.008284795989839118,0.008763533808905741,0.008476991542840349,0.007831180198204933,0.008399173708813422,0.007901977093960594,0.008544773742060224,0.00785442890788152,0.007761984930729288,0.008025771983395848,0.007423400363371246,0.008055271530080267,0.007390592905845951,0.007740940614694496,0.0074668051464396226,0.007459653055456929,0.00806873961227162,0.0071794162508346,0.008541343263601033,0.007458196413071616,0.007343085112147461,0.009774009070167596,0.008866171036789624,0.010651609480118842,0.00807088927913171,0.008193267321074178,0.01053173319307989,0.007880770726415073,0.014004929881738704,0.007995650085874953,0.009431916599457125,0.009149948760908102,0.007470143275620863,0.010226778619101788,0.012457782503735193,0.0090446137612073,0.00861044437501397,0.00779225217619114,0.009476180775088746,0.00790758618739297
Cafe,0.06836646759124437,0.16383288759552875,1.0617615935394076,1.1313237770592819,1.6164164182862069,4.026114310130101,2.3721449094033913,3.2524542601774575,3.852589496074329,3.089276654118054,3.072339007343201,1.248477281371148,2.1283538790989747,2.023684828638757,2.243127416463154,4.098605560013391,4.530693154203539,2.7722794134419866,1.8741946001507983,3.1747405816290266,4.437562727053365,2.911009627371314,4.0438356110700875,1.7079203589675411,2.4341537661557617,2.2363223690097405,1.594765537357293,1.9868666481714579,2.7496197514936838,2.9767933893694516,2.5014549063061695,1.8938598586049131,0.8793986417587676,1.051340467705799,1.0222836962179382,0.6280332255772535,0.6196583096929881,0.7644859775784949,0.8472874995343291,0.7977567329878802,1.3314432973111596,1.7710035779735085,2.2261871394917168,3.277435969953327,2.7511720862406572,1.850668494935178,1.2138453609312543,0.9767629159815034,0.8516386574872745,0.48197121324523373,0.5152534690309335,0.5894834570990615,0.46097022263204135,0.4715780038257117,0.2176690267297397,0.2688401130257832,0.3467235123417931,0.28394606944311085,0.3515353334981009,0.589870076129543,0.5775563500857777,0.35062450401991413,0.1839617431956515,0.06435604066989496,0.2648453704132043,0.32512630031579476,0.10818894157760232,0.18841336401618897,0.25629932688593776,0.21080028558798658,0.2205003817527123,0.2904403009377295,0.43360018192483635,0.41593027002272565,0.2681080647892157,0.1852987565177636,0.0643112125658941,0.011716975565247426,0.00950463772871979,0.010936444784176491,0.008313132381218518,0.008448204718130152,0.010373345282568554,0.007994755591784449,0.009143465264487609,0.008165065333279056,0.009155182518216759,0.010039869775499992,0.007277812695273062,0.008679286162796828,0.009322734783660316,0.007169897232638191,0.00755827233102687,0.007712425404892887,0.0070584412919799736,0.007676312906856427,0.006882083817677286,0.008173095793784904,0.008213951914233691,0.006407967439864611,0.007747073965415366,0.007266817926685454,0.007930246696749766,0.006204029512543467,0.006729023944901885,0.00825010155590339,0.006252206408709927,0.006470820648217227,0.006573593510890714,0.0061986028694946595,0.006913238694899005,0.005838131285347621,0.0070180551685425285,0.005877134091273933,0.006316472795846124,0.007156499283529172,0.006083045254310681,0.006178858226474882,0.005628565985737884,0.005525226879561956,0.007146047081793657,0.005726688976921939,0.0053104349585390296,0.006718643620014285,0.005596815948909066,0.0063877212235670874,0.005784519902182701,0.00605592130365794,0.005807857068878092,0.005730395659487232,0.0065989230340116585,0.007426170887782031,0.007466760678478039,0.007834169210975463,0.00709357768934451,0.00842835413601384,0.005435994608508934,0.007109924658132794,0.010653598013048788,0.009338637819077383,0.01605046074985149,0.011099257600526088,0.008647527353216734,0.012133388060899064,0.01483352756116528,0.013791547883234305,0.012570977681645123,0.00864132628370196,0.010213447171298524,0.007049482323670793
Cafe,0.0807795987666827,0.17074897169345288,0.8351878725604089,0.7348252601022206,1.2062147171487934,1.9779545080616447,1.7745284042264173,4.499472944501576,2.5566030075959065,3.591125437382905,2.0613924895573996,1.4638428216638328,1.2936307320575622,1.656275256812351,1.2754088337316127,2.8837809534119256,3.4887567799147874,1.7822544796141133,3.6777322025748664,2.8269219616532317,1.7968602030089842,2.258638487911515,2.387918469213616,3.18057931959089,3.2966175332233814,1.76754081775977,2.1764557434531797,2.288103319060926,3.033221661504078,2.7601178112465456,2.015530398495467,1.8585700780269634,0.7402478530633982,0.962252487509505,0.5337851767050261,0.6956571853699601,0.5464718290937065,0.5333143160030238,0.5657937883927621,0.7062855248512794,0.9957090587349795,0.8895711633548126,1.7586027435309284,2.082351298606399,2.9677253430062915,3.0445364837201825,1.5331391382522797,1.2527075909338625,0.8104211809022306,0.4976416489556376,0.37197550424210923,0.3620567559853853,0.31065637728031936,0.26378290285586936,0.263848350449622,0.17283281811991708,0.14564070774974128,0.16612464638068167,0.17941451642610062,0.16771313522388756,0.2022038966669014,0.1417323997557224,0.18680579239078032,0.14210406348626267,0.17666758214364664,0.16532450412116184,0.12131776844252268,0.11751378131957403,0.09088894777864015,0.0928163006004255,0.12516447978382209,0.1927636240619421,0.1884833406534596,0.2977675861533875,0.32783912236671947,0.14388068249845953,0.05102770085810686,0.047484104720803104,0.049304649143573825,0.05064234956146381,0.050891569641393235,0.052640162779119475,0.05122517367041551,0.05345701682406762,0.05065556883275401,0.0527716021964511,0.04893949252814992,0.05087607797368799,0.04610871475237358,0.04743770577540969,0.0422521146358471,0.04297443415504562,0.03762159825977872,0.03768645378790238,0.03233609610620788,0.031872047366307416,0.026993838519349212,0.02656035442871732,0.02267734441343162,0.023047658340375293,0.020378221861610736,0.02260487875551027,0.021374120197711177,0.0253615036832179,0.025236626165374285,0.030065461244718213,0.030603475640945163,0.03533186190566877,0.03644065834097643,0.04048072991377932,0.041398045124057425,0.044899022076142145,0.04622088469122639,0.04845919037740291,0.04984695339742074,0.050476772284567394,0.051689435970384105,0.05102313230921007,0.05221115037406795,0.0502622563451527,0.05159678033323353,0.048752666015385034,0.04958494258408635,0.04524898065364669,0.04585237581200695,0.041439705209588645,0.041177806600430474,0.03626902712456683,0.03566763701261494,0.030606949760818174,0.030107850779654652,0.025982559604259138,0.0257597534141448,0.021637231123010095,0.022433543432061786,0.019991277578459837,0.02333951605643164,0.02317372615643274,0.02628086936512892,0.025970203218758196,0.030558012872112513,0.03273858128693482,0.03683399156778829,0.03745721593824444,0.041381312039982514,0.04311786923258338,0.046733533210754484,0.04744849531068717,0.049703029637696634,0.051024114713034814
Cafe,0.05997304235017319,0.204923912224563,0.9481274343466628,0.9074756682233593,1.029837825242446,2.1387192627357208,2.150664493702679,4.413150251804604,3.5494794922649406,3.0202090037611775,1.8111467340703105,1.6675342887364215,1.5928218387572188,2.049550911153018,2.3806697038281954,3.285158163872689,2.244373477132664,2.3632598536957716,2.8415465968634006,2.6763102016906375,3.953729229232244,2.613636288728996,5.1556956826327935,2.3328267938484064,3.5641435348430424,2.526188571386131,2.3336114567158166,4.089287330069533,2.5177240160467536,4.40176996707175,2.4113703390035868,1.5160323622264673,1.1409281487254206,0.6648671267094741,0.8643374531713373,0.4558945009362501,0.587198483566105,0.4570011046403084,0.44474823625574783,0.5371120639693804,0.5330341879386526,1.0788458531279193,0.8683789330881502,1.1581307962858622,1.6516546930982978,1.9203452177200495,3.159536822075127,1.8770971329949373,0.9960551676232475,0.7245529390961413,0.36994120516791407,0.3032298055656112,0.25168508170465614,0.3017044600670066,0.23470704498042766,0.2959351266694044,0.29043673017519817,0.1197083083659696,0.1148209261868886,0.11291471291489205,0.1797043007300052,0.09685113669292207,0.08337333301142769,0.07465823340113614,0.13351830653443816,0.13335085860004137,0.09746432621938284,0.12228641691277888,0.1626762119467154,0.13400430691279072,0.2374223005337782,0.20804329090765095,0.275807172994989,0.30312272944418506,0.19885806955259913,0.19628369798250306,0.061069282413308716,0.014594966508682396,0.012548295021174645,0.01180960235201824,0.010798791306059439,0.010305377567451183,0.010060152713147773,0.009656451362686455,0.009597260250882844,0.009269498113177111,0.008893300796934416,0.008662121335337492,0.008251092066249622,0.008190838250515722,0.008014160765162238,0.007822476086760883,0.007896493061219546,0.00761388721331938,0.00739698517964198,0.007353622673400551,0.007137689840217243,0.007212805415252491,0.0069024121552446836,0.006868085847718578,0.006947995998083163,0.006470825079550421,0.006515638222330499,0.006547659053803091,0.0063858384186298404,0.006360347024038067,0.006130738469133912,0.005870446724499643,0.005976332850181833,0.005932642576613914,0.0059520143084554515,0.005940596578805326,0.005880309175635225,0.005809026063334943,0.005529450392115143,0.005656553853365055,0.005467401777227495,0.005539063256700767,0.0056000036313288044,0.00537260190210141,0.005522708819503227,0.005526764315857011,0.0050805377067635734,0.005113132947036864,0.00507692840148958,0.005004387932501289,0.005177085908926269,0.005275450775719929,0.005141799082347875,0.0055838157626569565,0.0071820133445446195,0.006985735192261738,0.006441678625506913,0.008413304517481608,0.006154118824455113,0.006222830179588805,0.008689134569632793,0.0066791181501254515,0.014162558550239651,0.008879574111052693,0.010305963254196894,0.010299962058694385,0.009212761492942229,0.009096669776341989,0.009432446172626336,0.01333133209976307,0.011099059822521013,0.010940024819444248,0.008347913344385496,0.008912401609432912
Cafe,0.0590721886070632,0.21220499576540888,1.0691893550731943,1.0716003295884453,1.5183620267516236,2.865585402699143,2.408012378535365,4.791931290895041,3.84639977205427,2.8664275893243225,2.3931473784431434,1.6585441176314806,1.9167193095226474,1.5755733674819872,1.8084512889172197,2.1140154604653,4.334114978359255,3.0299528195121352,1.9882857919258219,3.0998225051270705,3.4329359015958363,2.7795980438542864,3.787204724789881,2.8436406344269525,3.9134641505820107,1.5493231815348922,2.2105697024603543,2.261798268970711,3.0596204051962457,3.3330548091476735,1.625318109075868,2.268060567739172,0.8809396159991166,0.7796223498646936,0.5199233551139273,0.4051339881492987,0.48450336172659647,0.26757720814971575,0.433433856723899,0.3391724831295585,0.524486502393993,0.5602932459974018,1.146986968100816,1.3272150132765486,1.5262148923221492,2.4117147597040995,1.4587411653219844,1.0003785700230619,0.8400029227492146,0.5734002747679889,0.5760689786276824,0.7564866810330892,0.3890408735610022,0.37884936676596653,0.4614518574071481,0.417292812101319,0.5416054980940324,0.43893172009652515,0.33195850543874894,0.38591320847629135,0.4523983262933664,0.39978865684058706,0.3615984959121311,0.2865601901579725,0.17130049287204155,0.2803635885096871,0.27589412717091366,0.33816055034339265,0.2629291894819758,0.17301463385698337,0.1809362596937694,0.2707796112419206,0.34776625953363505,0.3527207362203424,0.38197528309917306,0.23629969785883104,0.04298169036395701,0.017796229564688355,0.01631737967850302,0.014598417968669892,0.01324491260824748,0.013006557611684462,0.013696459152777098,0.013222478628126744,0.012344454605372103,0.012347344142666578,0.01283718461543269,0.012933894885270187,0.011970224617223545,0.011605644195617947,0.012003446182998234,0.012399420719399288,0.012080738502391608,0.0116152232129524,0.011449206008119911,0.012000319627869085,0.011999131393221582,0.011768335007042375,0.011625751074567836,0.011710234835710561,0.011678281760478281,0.011917075251216934,0.011945636271881858,0.011788386835239367,0.01184843160630786,0.011840564424461091,0.011847415408691662,0.011979499149037617,0.012009837182536056,0.011923205441032881,0.01212161942537073,0.01169464518456979,0.012275940180529065,0.011969025399914578,0.011956904973040177,0.012050432553319106,0.011913719630027651,0.011978367329838256,0.012009545720435133,0.011945733260458717,0.012181008619964013,0.011898836217750952,0.012125647430776838,0.012193461990451338,0.0117826351855038,0.012058969950170488,0.012107821703758374,0.012174381539975666,0.012068252895402169,0.012074777714578698,0.012456568577465738,0.01227549793281478,0.012700308769889548,0.012072529329141619,0.012650549011623808,0.01256780526281581,0.013047169996913792,0.012724871932709188,0.012577102305184645,0.012687862823017228,0.012529474270075879,0.013556616072344246,0.01271129825333594,0.012831309064593571,0.015025100194706278,0.012260939904551064,0.01345353109310861,0.012173450387884165,0.013715686990650766,0.012975213955898108
Cafe,0.06698413057481731,0.18500374312454015,0.9442495705367357,0.8633175066230878,0.924093823262673,2.0316349893313195,1.2069749782396069,3.6439916423933267,2.8943908414923585,3.0406706548502465,3.323605505885371,1.0266945568498964,1.020068393210748,0.7555655975868744,2.0675416182498934,1.4293518434821073,2.4803880340449984,3.7625566130384884,1.3573948685349313,2.7263179738633414,2.7942462151039607,2.1914622141557203,2.6253334188926014,3.262321271538324,2.4675663439319284,1.1331638008609013,1.6274717436764594,1.3394432380226826,2.2886351954575685,2.239492442882975,2.793479678951277,1.9374928461379648,0.7875952057309807,0.6888750382268375,0.438945049322601,0.5198384738577004,0.46118267110803973,0.589962573456039,0.49622674661576605,0.7392931087806933,0.9197510916301925,1.383209344357291,1.7461383641688153,1.9719404410902204,2.5918677061316693,1.6549802470053163,1.0475384720837364,0.5988865077756907,0.9423177245442618,0.7061802118145848,0.21986026314614687,0.32352641181401076,0.16164296190114305,0.18740601020576175,0.2173258858900309,0.1700538904333802,0.23450850745493645,0.13922273818306463,0.16157376502675788,0.1343409925716934,0.15424183639677347,0.1844894533123613,0.15710545343655558,0.07496378085912231,0.06549295190607914,0.16251633607305238,0.14186785999200194,0.09165647277127947,0.09091760090156036,0.0853506843324706,0.08246642275170553,0.11871433418298766,0.18010594617236847,0.2021682022450254,0.2246160325433114,0.12974071105312246,0.02950619220541234,0.010268561082951426,0.011348271631502828,0.010359866411748455,0.009632026712951606,0.009650843339797715,0.010521187597888613,0.009732128416230694,0.009168996762153879,0.008982380904680815,0.009583562337377307,0.009510452833465901,0.008496742280129681,0.00849275195002838,0.008763934669662295,0.009163138627942427,0.008277840484750169,0.008447042520065843,0.008387700746552759,0.008750076578556809,0.008499539036787957,0.008638277946713445,0.008576638858653412,0.008691520797815867,0.008682606915251823,0.008776964567836274,0.008971604262705404,0.008995914823826476,0.009114825197555741,0.008915872335477021,0.00909324730684653,0.008994390204703277,0.009017144400028505,0.009021673588645971,0.009127198951485362,0.009388815559047999,0.009020160165635073,0.00906660516022352,0.009194474242388154,0.009347461522242834,0.009232900012688375,0.009408044981531014,0.009525177584908829,0.009386113722955971,0.009361717363070919,0.009223692193507478,0.009345340871521118,0.009335221107225126,0.00930881291805447,0.009343247925113096,0.009594598574985739,0.009571471711376544,0.009497771312855039,0.00960811531575893,0.009606300758959848,0.009740202747333056,0.009818819446723415,0.00989737414874334,0.010035016397253578,0.00997805343848698,0.010782926995673354,0.010795416211220151,0.010723873803416639,0.010582985408471189,0.011880741863560319,0.010137069993020952,0.009363534973700604,0.013036491675965416,0.009851726546725042,0.009767146467263996,0.01033738720235759,0.010077363923016319,0.010774993045378205,0.010687393297493884
Cafe,0.08954975845331245,0.19892884500354438,1.025801355180289,1.01934497335719,1.3262156005353984,3.2749600918482678,2.3324841297025203,4.534091895247821,4.076307421793254,3.058484054761551,2.255357231536734,1.6610553043884182,1.9088734959764926,1.705420638171487,1.6274508074396774,3.304870110636775,3.170459062199707,2.2696032534448145,2.6256350897997205,3.3060188108780406,3.027203249876191,3.0990357093123793,3.711384115395234,3.641537909271979,3.836963827559784,1.616114946331293,2.21836897995607,2.753593889396167,2.983397229370636,2.9877406432087343,3.1136255239006627,4.133267679875147,1.5086471134683586,1.4783900401306282,0.8705791445641408,0.7374076012278044,0.655005373986313,0.5804544500444626,0.9056523427556548,0.5585172808867928,1.1855165280434943,1.002272565987808,1.9801273640120138,2.4533124205128765,2.3289427117079144,3.0847281080394238,1.7223200118781237,0.9012198197658247,0.6175617440894567,0.31740513195883435,0.34197429092456827,0.28987147171326766,0.23046632650762897,0.3070436766204561,0.3300374673425277,0.1670015473937046,0.11520656831241277,0.1088826732884692,0.10550948820219928,0.06054755926842442,0.048070605196025344,0.06289567168043074,0.061965327785937,0.06273476529765307,0.0743770164336424,0.07137086214583822,0.08888500005937612,0.10052635449869605,0.10492189870557753,0.11718590504676729,0.15044349258866466,0.17587646525396736,0.21378135353828728,0.32409016838117305,0.2979513655015084,0.17890870540460777,0.04126178568428947,0.014638489420403342,0.01378775412435173,0.013712008195919365,0.013320474995753251,0.012899109224870363,0.01285750879252932,0.012473024011217332,0.012150218506289641,0.012271198005905721,0.011896481759230585,0.011537427074552766,0.01229267571801228,0.011342856747882218,0.011234844958883442,0.011038516872447212,0.011769448552791856,0.010591973565515566,0.010699242304563934,0.013027099946608549,0.010310526358376034,0.01023353304966908,0.0116411449512527,0.009971133189553378,0.009785099586248978,0.009906344724842139,0.009712109606543628,0.009386301009640573,0.009620896853031111,0.009284047360372659,0.009071893739662376,0.009361714113721394,0.00919285912221086,0.008728652214558487,0.00901697956671373,0.009838508928931516,0.008788661574781254,0.008670803697501922,0.00957297024062412,0.008489890847006722,0.008124629018886947,0.00898674214106672,0.008393910581464353,0.008251404794416415,0.008864847622866654,0.008355810503209255,0.008330453910410466,0.008530224788809711,0.008153299094911028,0.00816593295411055,0.008158116992658875,0.008587747980583491,0.008279707686264553,0.010607078318518363,0.009037490117695588,0.008429888131325482,0.010882475193071272,0.009459664245729851,0.008378915254930935,0.00825052545343158,0.012421917100008811,0.013154796715250992,0.008665915608520102,0.010304725486008515,0.010440184447134855,0.01283749516494208,0.008779389001998029,0.00941882336899911,0.011849137836584396,0.011827538403779961,0.009801378585776115,0.00821182931880035,0.012232389096194025,0.010696795282149108
Cafe,0.03782896624867403,0.182758551096188,0.9310726770563933,0.8692320105880078,1.26841844621083,2.7252494690196056,1.588389551765516,4.407437886132652,3.601711476559896,2.5200253895532763,1.5123637747404841,1.2473671639133475,1.4824595249884351,1.4521732725786005,1.6086818151915563,2.924294502975738,2.9249063450017423,1.6747842702815967,2.5182808712256746,3.973419894686382,3.2431604381562695,2.9093106659970385,4.157621065748293,3.4297293445570176,5.4691651184794425,2.3824005810557933,2.274560512097896,2.094522502335802,3.3440042418307883,3.4126663442874903,1.9538023578410852,2.8103678056661545,1.500571927996562,0.9366741920723453,0.738257170528364,0.5789231124654346,0.6805635282152362,0.4435075383219061,0.7660435269186191,0.6376917220300677,1.0009337215402625,1.101156884504598,1.702500435820668,2.3777056816182904,1.7503337370652967,3.579373982748628,2.203663791218902,1.4742868173155426,1.3053521723472574,0.6378211187556877,0.4586794171677643,0.36735234659110055,0.5657748806198911,0.6059989017783356,0.19917808520551616,0.22219534888234097,0.19527635057690812,0.17248673346632515,0.14777714499866537,0.18295294385955355,0.10930264168701308,0.09210010083113804,0.12184301621123772,0.11343864324095865,0.13081570256804553,0.09498504569260766,0.10219377134829184,0.13943603704969013,0.11890446957265363,0.1978668618966584,0.13730751419437762,0.24905736488145766,0.3171955117487573,0.2842125796212688,0.3921603366468358,0.22147995165986245,0.03361405920218057,0.008952089231395918,0.008943920468001665,0.009007154596375877,0.00854104045987291,0.008534420923168456,0.008289461207289805,0.008223548063039512,0.007932956807926102,0.00793879156078377,0.007849632567083365,0.007654148859112088,0.007620770480829687,0.007385822036155459,0.00782052646705118,0.007229202644568491,0.007314001096882862,0.0071262260284136476,0.007159126267194086,0.007675161442819576,0.007145839141961282,0.006885395157175473,0.006810190100839358,0.006787877132424131,0.006670670890458627,0.006861273594307294,0.006453015532144785,0.006570926681127933,0.007663840832917064,0.006385661785451008,0.006285401255320632,0.007466410815816782,0.006142668780324915,0.007003928932997504,0.006162431096446357,0.006199943566970517,0.007243583328068633,0.0059972375418388246,0.0059573642681425435,0.005929828388584739,0.00599571447392314,0.00583762541003186,0.005748371994050042,0.00578329913675039,0.005836065753159309,0.006707799628986213,0.005731708773638305,0.005662369287910539,0.005930613052252393,0.005369602920321658,0.005952012438947936,0.005481161663321663,0.005436688712965589,0.00629956909109243,0.005331962914866336,0.007713380209504978,0.007001506087469485,0.006601320666646213,0.006690505554944912,0.0080970406026801,0.013420308080572105,0.009351665100441924,0.010967051646040293,0.007287481751886845,0.010518650994906968,0.010316423614131503,0.009337539471759687,0.008255257962817689,0.01128844347005338,0.013518976266664127,0.009181868219185148,0.006442022470194396,0.006809217127667015,0.007831488344557103
Cafe,0.09189979055992627,0.19894773008875719,1.0798514128447718,0.9863213621488457,1.3526947605204898,2.6505791333854356,1.7064939555156409,3.9384972284091155,2.955584018209975,2.8962309642500657,2.075334827267066,1.9622514726778257,1.9987066581619004,1.6561868945173204,1.432405415605709,2.2709178026326557,2.1621652210371067,2.4720519514593686,3.585389119040976,3.830530623928268,3.0862236986175517,3.1205523344322077,2.867059621561293,1.7917307331973402,3.3691908089093223,2.315432013147122,1.8732265495056644,1.8840064827242262,1.9567522095058258,3.423706655112227,1.8322037924843182,1.700410870419092,1.5082710001560193,0.7408130385170952,0.9525487333900844,0.5074878102380824,0.6430848256780766,0.6600664742873434,0.6745992206056661,0.9450207367613261,0.7624383181448475,1.5107634214176004,1.6395465200612067,1.8915218799978657,2.1251300810624643,1.811025113358998,1.821866654652492,0.8788902057201815,0.8563566233738805,0.5305517196030483,0.4811479238048081,0.46552850565427817,0.3706402506981253,0.2538543764846686,0.09882900620351046,0.14119593998251126,0.1316228915357746,0.2984687839210836,0.3353878945570918,0.3873767372744806,0.4125132774253163,0.28586644789449,0.32285294713112656,0.263689698672898,0.15586585348562937,0.08764488452139634,0.1478740736322191,0.23497064844470583,0.38523450488967337,0.35813133907568523,0.29061673380030606,0.22569689252076072,0.3124197881350568,0.41263839711714634,0.3445926663278545,0.18278215566294032,0.047762893474089345,0.014566394113526959,0.012115684884293428,0.011321879468504253,0.01357867746316166,0.013506168591158723,0.012746986745423048,0.012150823173749598,0.011672085014533914,0.01244215282408061,0.012734633433286163,0.012855573736189344,0.012514007999323985,0.011732694294044393,0.012152271091559358,0.012762572924550462,0.01296704881461555,0.012576492984172355,0.011832620706812697,0.012221537516265523,0.012715564052781675,0.013032689236767325,0.01269045861797034,0.012124285782451054,0.012010145116023184,0.012622658576088427,0.013219481950035403,0.012617051532928586,0.012079725453155634,0.011992049732164478,0.01263118229331314,0.013340179536656383,0.012538458916699535,0.011872758165475537,0.011964348733313084,0.012517145966898121,0.013455654319436954,0.01284906446129671,0.011686924152844592,0.011976777982782122,0.012409908060073681,0.013076509692332853,0.012819258568548958,0.01213506926276755,0.011974471522113641,0.012446083130878482,0.013138939568631465,0.012852408409173099,0.011950851060628575,0.011969388515324905,0.012418265991232344,0.01283761948732101,0.01301718874010537,0.012324599185155723,0.012084094995480922,0.012468117590502129,0.013239517253397465,0.013143098765027022,0.012536325187578677,0.012297119648962148,0.01354218570040816,0.0132909437522184,0.013760477064217515,0.012717731824467959,0.0124008581272672,0.01311362165323585,0.01398141765162765,0.013768416215554715,0.012542182799585005,0.012519130442216812,0.01284213627584854,0.0136024103592018,0.013942351195100648,0.013364283345185836
Cafe,0.2710470520345192,0.768816338217909,1.0407177581793057,0.8203967276983535,1.2298142215364436,1.8753346301387466,0.6743156244904481,1.1010492730357384,1.2745979089973847,0.9952792192364677,0.7353448722247713,0.8267614106810359,1.2059669282107262,1.4998906549206805,1.4285557192098286,1.356240481053155,1.756801590747212,1.3350716144734671,1.639418305907316,2.58878515691297,1.7414164030618529,1.104280275898363,0.9928510328540416,1.2722307004485827,1.2522573581044536,0.8984461085584946,1.0453662306252982,0.7593248260340822,0.6281449587568196,0.7016576654640816,0.6777221170061272,0.6178660143540942,0.5805249005158628,0.6657344393688285,0.9380636626285198,0.7999175105593721,0.6469021758064034,0.5313663701938358,0.3887972134156985,0.4194311282674289,0.5233131520209489,0.5210748607960984,0.37921842492346935,0.3963514594088938,0.2926817461025695,0.5388765122590569,0.5831274558436411,0.5797087138903094,0.5991727705421478,0.532149611398904,0.436920371919825,0.4343420829516187,0.3508989628572612,0.28424315695160396,0.5258876991374897,0.5757912336334319,0.7120263374567934,0.5219750360077468,0.43784615808066485,0.4026310301173447,0.3351047001337762,0.39383341342140277,0.6516777685739984,0.7549196168775654,0.5125964954010602,0.3356005153128965,0.2763675509056774,0.215716409564547,0.3172219661444159,0.3452623592950612,0.2781129278794887,0.49333517291716206,0.6595675680283075,0.43140036782887153,0.5309346428763101,0.3894826928848038,0.25306738010704743,0.21013897815758162,0.18267263153975852,0.21905879955493662,0.36757220639837385,0.36071526034132534,0.28923446955629045,0.3157217307007056,0.2408671770989418,0.22515269555047054,0.3127712834751291,0.2231756576248417,0.3878345988023285,0.4350427676957054,0.3148367233964058,0.4112979200213401,0.46581354229794003,0.3062694942197009,0.4358616704444367,0.6368912514132804,0.4818336935338277,0.45071391325184285,0.2277408808756276,0.1349793858421356,0.2944272438740022,0.385775472335504,0.26440197525291,0.16553342709542518,0.250187347065934,0.4405326321246733,0.5258760051583264,0.3860626190236951,0.19617003374215086,0.22757070846325772,0.19640635166120676,0.22005278514231585,0.2207027231599617,0.3332957088871985,0.3497773991311788,0.36090780547007884,0.2545692753084523,0.3285992695082173,0.2672616388200461,0.12639302399493263,0.21351447928207337,0.24989594575551854,0.18152557274019437,0.23392168961664284,0.29856590455230075,0.312231436247253,0.3012687304277917,0.2871705776748919,0.21734652751109637,0.16232272730741004,0.18789311382829296,0.2013485264013602,0.21083587559111383,0.2503041985029367,0.20938606525193484,0.1933072551203332,0.2366461359697907,0.18680137059668883,0.1923795861907669,0.30438115765507157,0.3484831054587509,0.21442066183104908,0.08981491007290271,0.17113424938359442,0.17175536369359856,0.15503571657209655,0.1711647039349005,0.1921122973890506,0.11862115276151163,0.11333193403117717
Cafe,0.30339205716975776,0.6534242576410648,1.0145346633578007,0.9144788183374724,0.8031977531291612,1.5951635399957202,1.5004407329706417,2.332837847841907,1.9449982582287357,0.7834982950914847,0.7147805425191802,0.883117224197727,1.3854398349368888,1.9510330340432946,3.296145713078704,3.786859321383804,3.3969925739172924,2.481559840599075,2.0661744118127694,2.919979052155026,3.2558490498608155,2.0381369346828406,1.78113411170227,2.0975069095968757,1.8839719301244238,1.0546294821505378,0.8258385289732865,0.707907508575041,0.5315170770585529,0.4218817713432832,0.43498674124687287,0.5010083938112897,0.5045621957601222,0.8085832803575983,1.146636314644088,1.2539342937376516,1.408383707398246,1.7572640664249302,2.1139429559702645,1.929462424615727,1.4274039273591734,1.2219849837932617,0.9848398842992588,0.6564767462473535,0.6438640643347958,0.4477315646455059,0.547637630012086,0.652422487283478,0.6026497212662907,0.372452391427133,0.27407656541829983,0.25328564419585764,0.25131501461751604,0.29681454014313213,0.34069615729608715,0.35079416713043354,0.4557162512965751,0.4419922873092915,0.40424743703244814,0.45127794538744354,0.3531040604996878,0.3705405599113848,0.45565951590286446,0.4476676108909684,0.27754496395571027,0.34624121702928656,0.3309787247677428,0.20670287320023614,0.1869886803752101,0.2904714162267811,0.1946168541152553,0.15948972332116015,0.27427340905473824,0.39934553261766376,0.26753315852190634,0.22651249480651642,0.263962516502577,0.3904134888491102,0.3479456234816604,0.5441604254774819,0.6207735033749505,0.7174690447043136,1.457754121507774,1.166088129801908,0.6254904143676268,0.33306248224573004,0.346392064660729,0.42566283729863086,0.39004289623891164,0.3661804001228482,0.4134268952759097,0.2754539640411282,0.47303742065238563,0.4031348348295348,0.394495269918959,0.3557114093517072,0.4134343630129414,0.38047203189935563,0.24976911076756902,0.2591455464406586,0.18640178407886326,0.19468674094307403,0.19066273100014175,0.19526636712538167,0.23737665149846288,0.3411660697989618,0.2841613852589303,0.3055997795042176,0.3506784871208737,0.31252305309379236,0.27136555851323674,0.23646178735389967,0.34095003675002805,0.4562862739562203,0.3636640442852479,0.4077584342285716,0.3556899094048461,0.3167001829248914,0.34029865663497094,0.33459287253059233,0.3284345431161852,0.3366734096041819,0.3401806004086562,0.4604487382976383,0.4708740317880124,0.3259510894785746,0.47308470177185147,0.5362496173872188,0.3926840308484659,0.2787015914393144,0.2870642010743584,0.24969391935453217,0.4530221865200822,0.4701288393402287,0.4531833108610912,0.42590053036430564,0.425764807106618,0.4431254671481113,0.4625946739672256,0.4847013357401343,0.4690842981993376,0.4912976700040041,0.5163539386865624,0.5093370630449113,0.5443393267134861,0.5656633943736912,0.548591172801233,0.6165502088331548,0.6286970544879462,0.5781393408314105
Cafe,0.3414535885048647,0.7993385546033718,0.9053195388154119,0.7309250349092249,1.2352492327100961,0.8788819367750127,1.0761227826155941,1.0363114994456173,1.2135076993718592,1.2419582992043643,0.6574376676804901,0.6968890988410553,0.9438227742689648,1.595552189588701,2.032909978216615,2.404435131777631,2.6067675917651267,2.068197276965514,1.9284677204035847,1.4919107665919045,1.3917271531868622,1.2999835657100292,1.3255285954140017,1.4072313974652741,1.8307380443988361,1.628612873791422,1.194349558713742,0.8341942757343971,0.6443473985328518,0.5680305766168613,0.6269743250008166,0.5342001229196032,0.5822037128648152,0.6395498085370113,0.5638408134125866,1.0645612635201382,1.093309099781355,0.9058089955602499,1.1902990874057573,1.1245136151401236,1.225093620032281,1.158167899610786,0.7349350004192987,0.7193986222222043,0.6591423764960442,0.6302989916746785,0.6183594595398757,0.517478676657418,0.8141025267978462,0.5064820668370353,0.6629037206440095,0.3883996983808704,0.32775963862337726,0.3532259854108733,0.4470223520651398,0.33840490586098104,0.3374219900016752,0.33024673617964023,0.4058982028139876,0.5278535265421499,0.5414648721798561,0.5651069863309501,0.4976473244254199,0.7875629221278867,0.5757218160834368,0.24243223698733646,0.22818255432059156,0.3196210978672351,0.27392892782206596,0.31809255602246966,0.3337680083594798,0.2835550265346031,0.31042814645646344,0.16892616390473597,0.12439361628289695,0.16622291705777273,0.22088432485116177,0.2743622642289213,0.3961113478038557,0.33127271571054717,0.22260671711075358,0.2541970937204897,0.4816672140450397,0.42166253161510414,0.25069426578593074,0.34683729274819075,0.3482994754684301,0.3585810817507069,0.16712216081815623,0.4403750082592328,0.43858963597745937,0.5924351735648936,0.47313685467271444,0.15860085860893866,0.3112429050440846,0.1507396663698142,0.29441451489046633,0.4055662779691317,0.2948401713026862,0.11680381455051449,0.10377320678643048,0.1695269703902437,0.26853828096281496,0.1704967960178442,0.17893957639944938,0.22751284588374474,0.16728966883176932,0.16865655434193033,0.2298174359714006,0.2657174183915363,0.22698785208800523,0.1876647347929783,0.286824594727399,0.35100250781095693,0.24006797445687716,0.22251132170233062,0.10331560696303538,0.11313941565823363,0.20796238542139006,0.2822325862268562,0.2833593921094472,0.2310734362427955,0.21401399410548588,0.30910833624507883,0.35992892072596255,0.26966690752453204,0.31600082046942424,0.24401949398321288,0.23505644711629042,0.40608007434557,0.5967006768358465,0.43543585721684686,0.4872405242005643,0.3703954555063229,0.21857970012082198,0.3503705702951123,0.3871383933261138,0.15717742428419612,0.15520577023277948,0.23335523806145056,0.24401836838796795,0.2777274691880464,0.25871482580648947,0.22837164438560062,0.17159660601886734,0.13537073926457843,0.24476994410757555,0.39515069364727845,0.2887908884747787,0.18427951532416081
Cafe,0.2963192995473203,0.6645683108623279,0.8596256525388333,0.6778430042043451,1.2588897771221341,1.5877693497029566,1.860487001817146,1.7939631408166565,1.3858354464289122,1.2430046242531025,0.7129647769922246,0.7347737538155327,1.1418749798487686,1.2605125916256528,1.4147838513783895,1.0332022004684176,1.6791420117748195,1.8725429294510425,1.4366614933350328,1.442990229993553,1.5935641892846086,1.4508366407737152,1.4159038800168395,1.3909768639445514,1.1080436144351589,0.8939996084558555,0.7549399941657282,0.7260548080952011,0.6592440449347333,0.5910923379220543,0.504801387489261,0.46835384963967597,0.41604436212230256,0.5176625595371204,0.6785214330083503,0.8782187202956481,1.066348610447791,1.303001871795669,1.3005298808625887,1.0882817334414623,1.2612835789905996,1.0027856851658936,0.7952452813456158,0.5525239593772033,0.5817019856794445,0.4806144675352869,0.362309432854303,0.2822357911124078,0.3378325173720495,0.3321789072136061,0.22751744452497558,0.2701510188900214,0.22228660532308464,0.3974369120728104,0.36760246659777335,0.3349882482653832,0.2577322331739328,0.2177582329039614,0.23629817553801266,0.2865119059451401,0.32990799718291436,0.3453836026601147,0.2577957226123301,0.23130491049565466,0.14485188465731882,0.16354777884763835,0.18122700199438296,0.15169770232760274,0.23471202040454656,0.4514058828826012,0.5450849905568075,0.35065207431878614,0.1974139542923684,0.09492806928723099,0.1277265979724007,0.10948007148172595,0.12069383031417108,0.12191708541487259,0.17418565240719797,0.17017504392816818,0.186764374170736,0.28269769273392054,0.25340778114991036,0.3066464548278754,0.268877755745113,0.5104270568668241,0.8035598742744581,0.593277147840883,0.7394554675323631,0.2882010909537277,0.5929035521432845,0.23048728353720102,0.31180235958038394,0.1646493564808174,0.23834618739729863,0.13679767038682059,0.5195959375436896,0.3298688493216797,0.3634682179095049,0.496568891778957,0.4409234451186461,0.25273685835695736,0.12881503616945972,0.11367084124915275,0.10614477801170087,0.20230845636781616,0.14526214279782262,0.19695159288270334,0.3332136739259922,0.46011061991250857,0.5458601028665139,0.27602546618595936,0.12669672471133886,0.3837768598181825,0.5388831206237545,0.36051702982529044,0.26501937086385957,0.4725461717702739,0.2602175579443168,0.21474242414407374,0.11054643656914309,0.11544033659091503,0.18441614548924445,0.12438521594335956,0.1017958177034509,0.13339757335632021,0.3534579993757201,0.3909022389896631,0.2722598938836956,0.2002623463858499,0.570915455749148,0.7497227411796831,0.5321937841392106,0.5168670039416416,0.4218898593348474,0.30407562173281527,0.16254644771940657,0.1823870755514957,0.23521080787495807,0.32421976042085326,0.2793138231432031,0.17086714019208138,0.11766188481895135,0.21613449555301553,0.11803604692629334,0.34039710985223354,0.23967852333817635,0.11264547004652918,0.287080091243615,0.17193009726299013
Cafe,0.40128516305096545,0.8781947232311217,1.1104860354427948,0.7612358042519982,1.0796380538893124,1.2134186964498284,1.24056532108913,2.1354067134700814,2.3200942184090785,1.8103270076547404,1.1470405202668958,1.4255868004712193,2.2502063645143355,3.192572074143891,2.7102364331746216,1.9731379946300485,2.285269483973893,1.9320470404703844,1.5112672221155963,1.4880474483045725,1.762960236225978,1.0790060418900673,1.2970264127507984,1.56414141896957,1.4075068766305276,1.530332246930845,1.6743878185749808,1.4984996317665762,1.146844981613718,0.8778266714192757,0.7513594614177862,0.7071718189514591,0.8027333044917285,0.8454220649047719,1.362809080718982,2.200997741621632,2.173846723076741,2.2108226120114933,2.1043532874048756,1.6088871708101105,1.3947228599354218,1.0954220471179354,0.8794893333471421,0.6165852644090327,0.6186643378799501,0.74493014711624,0.6645754535058062,0.596194625439994,0.47689270644988824,0.35377866643048556,0.5936034386671633,0.4890975590726835,0.7527329228782479,0.9372501709215637,1.045887541911799,1.1316123795396726,1.2142162093598756,0.9957561418140144,0.8323715078765007,0.6606934079075064,1.082297320977206,1.2580862493394778,1.0033790197722394,0.6229371132339143,0.7352251445388467,0.4719813529629431,0.35099022854801465,0.32918048121558385,0.3252559225346667,0.3817701416042923,0.28574101002661517,0.3040371913272957,0.39539284125082713,0.368685165175295,0.5027595773741438,0.1967160800209885,0.33498162697665856,0.3808974793135633,0.721427068718317,0.678914709822712,0.39934510507771065,0.3507803162885277,0.40628552047576494,0.3587904495124606,0.2686834655339798,0.2823039672931994,0.5858414910017249,0.698174176998234,0.5505884624186795,0.7567307925475318,0.7800271258816941,0.7525178793006086,0.6541164457679103,0.4610980163775318,0.4549340064343456,0.3316686833292101,0.26804737980386845,0.3860207337414467,0.26092993017047883,0.29496107351691564,0.361575667661841,0.3587850462735079,0.34807336469535155,0.43190575880379134,0.6156762491935575,0.52884900590866,0.3270922378601878,0.23631839531096321,0.19556383657564483,0.2625352789299348,0.32490096435273075,0.44386181553351445,0.45762490887828683,0.40475228382060713,0.440121820652212,0.31524451135504766,0.1963952817351898,0.17157090802697247,0.22916965353030286,0.4434879237590856,0.39149022175918846,0.19782454967203478,0.3008068181954775,0.2755640933017841,0.22469104514552124,0.3846513201722585,0.586877387621481,0.28640544202861085,0.4593771481367242,0.46279173422933895,0.30072908053793773,0.30153914132895193,0.3002363275574699,0.2223349274168679,0.2508580326579301,0.37708313695433976,0.25753459304107235,0.3492499916194798,0.38355638949683707,0.3078387653418834,0.1496314958647134,0.31746366639397955,0.40468593377039347,0.16909649548606565,0.1162319642358535,0.39097327407518545,0.3889385030501847,0.0849740371779047,0.1842206962651393,0.23090188456228217
Cafe,0.36050005349798975,0.8191979585353046,1.0620374546542524,0.9394315206155913,1.525563207996571,1.896775875339082,1.810815565397986,2.2928765741806223,2.177148047139248,1.350137973961186,0.6956471001376482,0.9537661384757425,1.6907244656222418,2.5229853607773873,2.8096385979141503,2.9171712151023095,2.503478446347509,2.1378263006839013,2.2452754947764513,1.867918575110096,1.55371169585982,1.3688280714595642,1.680941549318249,2.20986988733158,1.9740505932762484,1.54765506997496,1.268624116933024,0.9325393384575889,0.7042349921178828,0.656793859250863,0.6868908018903168,0.5661387701059493,0.6823427597209821,0.8138534422660627,1.3103679689567282,1.440716823040387,1.0780797669472792,1.4428903797536168,1.742426154597558,1.5487425415694145,1.1477962953274132,0.7435987982658638,0.5203412570878906,0.41137691867290593,0.5062031752078485,0.61122344583113,0.7171494465600382,0.5781262554286684,0.3498178841209897,0.3976744358687837,0.34431840473731423,0.34957961023387496,0.3406426017479126,0.5727835546137168,0.7526504724421773,0.6310117343363175,0.39639999733083386,0.25433570174122627,0.2515348963195018,0.29835443886329266,0.31034263872277895,0.3723322549133889,0.5648559143803679,0.6011564373863277,0.5997700324664206,0.432191766639578,0.3595465332622253,0.3095539990729244,0.150660627136529,0.2539698978016438,0.2805005269179932,0.4677029776981038,0.41220731759214907,0.3767983193601864,0.23881273067271877,0.29582893267036847,0.23360307552923418,0.3911592673623982,0.38205190545011225,0.3104238526859017,0.42273923671911395,0.5010570356938934,0.44538819966152615,0.2843253785472495,0.22258017835028673,0.1593405317147084,0.2157409939250926,0.1711082631308296,0.1800774718315626,0.1957035433575393,0.18215984258722992,0.14650859321783655,0.17881037249498,0.13026938093443796,0.25722481243836054,0.4445345251906632,0.5214178959232391,0.4445346954308449,0.3824795802385333,0.3037437009856567,0.5543474211097805,0.7911228442669828,0.668241810732754,0.49277340941132725,0.5586870138492728,0.4747758428354755,0.31745973000116534,0.2228656776403295,0.3155040579217748,0.5176206467293495,0.4556286838991393,0.23533608235345896,0.29497365408574217,0.34528033582525697,0.714014791774223,0.9634401049529673,0.6368436797441517,0.377867850570573,0.4366261328570371,0.3732903014365422,0.19517639086982352,0.2964594302397077,0.3229690669174454,0.2958458746299394,0.2202327727621885,0.2186894767685955,0.26929700384915617,0.3375847302050161,0.3383789530953431,0.382381337438768,0.3728077295294185,0.39055077062667476,0.30145396579820793,0.2732802628048238,0.43339244818656225,0.3564459262717008,0.27636975572925027,0.2772794565878933,0.22085143915391137,0.17452611387731193,0.15341280730503648,0.14197693533048647,0.12004077662853603,0.21740824764421768,0.391307196430496,0.1754521215402092,0.24793154645395288,0.292072981975237,0.3333432907541479,0.2042439216698741
Cafe,0.2892848664645999,0.6113227413526856,0.7636676915269353,0.795525400814193,1.2698126992519765,1.2874550682577595,1.2621705440869544,1.7630267166216544,1.8610284520374447,1.4691111685329603,0.81451262666745,0.8526691183335465,1.2428920090932647,1.8427432543809146,2.2280872528624225,2.4725580029941283,2.317611062306559,2.2459958651115883,2.0347369684774597,1.5751530343580693,1.7108502685765754,1.795392569153706,2.005741784801731,2.2879913808217776,2.21241325764493,1.3206694436335538,0.8705952094682354,0.6443308620719881,0.60267206768694,0.5836262749640369,0.575342218527002,0.5159196182970694,0.53960784975884,0.6827168133501789,0.8485039217358572,1.0659275005684772,1.421714023958621,1.7806886379736322,1.7315787597400816,1.538477599909183,1.1657728487403536,0.8506101159359243,0.6995942385484029,0.6150298262901677,1.0942666314073843,1.2398136233328663,0.9560890095938546,0.8574860149158477,0.8730433801750688,0.5784471777573926,0.34264024053996445,0.3882894620132148,0.5858656910525853,0.8297135599148229,0.9428618830670963,0.39689079714316733,0.29466577487897155,0.21585358230987403,0.22333924121942045,0.1486684667463794,0.23690532298391162,0.3264645316119895,0.31035679061086086,0.2038432951262023,0.14005666285932467,0.15720505220420922,0.22988103770105417,0.11221809710413742,0.2548273958970931,0.22862095239986985,0.28024660248796346,0.2655704682475874,0.48403310578368286,0.6281339746979491,0.7076531896357651,0.6523786853312534,0.47469117153214047,0.42373443427377644,0.22981662355800575,0.27692115456112276,0.28023235570485283,0.2592622526494478,0.2746269143209901,0.15886046977076823,0.16731110750179012,0.2360650417571294,0.32292983794982,0.3622671824918094,0.18158238413935493,0.3098899905460114,0.41437695257467017,0.3368404020107567,0.3274115800698317,0.29671166125391074,0.25735791296358074,0.1794629504554962,0.2922618823141925,0.4338926119370133,0.34439236043418087,0.29046428132247193,0.30928459193415336,0.12351735810545131,0.16999355300924418,0.130132038184426,0.2774724075248413,0.3936688714783608,0.24304516561417772,0.11232241191907306,0.1608232005446621,0.14853110592208454,0.20952222193176273,0.2338211851498796,0.23152100091436306,0.15880380106155234,0.16471624126881018,0.19029231660222984,0.1757106105992911,0.30791523212891625,0.2287948248617644,0.23458811904695517,0.18753081989312728,0.16577366572428567,0.36799410283688583,0.4833686725439843,0.4539368708165894,0.3616953790590339,0.30507015678772625,0.2231519013008178,0.19497025274238494,0.20428464379758488,0.2658551220319715,0.3239658532660472,0.32879972348645053,0.3837653344844635,0.36021340295274024,0.34136498281778227,0.15601815136021663,0.2407998158553447,0.23755555354763747,0.13654250057615858,0.13589147149988595,0.1320712846458749,0.08964936124441697,0.12373040429333458,0.15661245417131625,0.13162847197428762,0.14022367071329261,0.17009517275680963,0.17039556745245754,0.14222791632501727
Cafe,0.2633305014533385,0.5890544282513923,0.8241534383555833,0.8096657134190309,1.2613125370923495,1.4356137147210835,1.519395955974823,2.1251027841748815,1.7605553841581592,1.1672037113178932,0.8606114792336539,0.9586713796147938,1.3837000121653724,1.9754984755805576,2.7324003360625015,2.845343778549809,3.4721681695490507,3.619665510199847,2.6561411984140775,2.680249621487673,2.647545873081419,3.322811671237322,2.738505555480126,2.7893985632556055,2.2721645378747097,1.3088781531127998,0.6747374183723286,0.5937745857552418,0.47178210801237264,0.4600266987407769,0.42875199741554587,0.39848868047850067,0.36325941651518145,0.5180228783651905,0.8042821525610442,0.8993811561215737,0.9807205027746616,1.062236019165835,1.4096672917300692,1.7445683239389465,1.6061032733495046,1.2318445773937303,1.0161396601567292,0.6451089134942654,0.5620513684887533,0.6376154658377687,0.6031892071704883,0.4905573548919817,0.4816051705159471,0.3617716699584578,0.23802241838364896,0.31819499333847473,0.4215274600462656,0.6197639723844456,0.630414026739351,0.7068689939059911,0.5857302743332816,0.46604262732190754,0.3003032116878057,0.2915353247107609,0.2153652537383116,0.4194199197624898,0.35609589245789525,0.2337836117777503,0.235615925137233,0.2570257880616026,0.22978701374134858,0.3182213311642571,0.2599890391158433,0.6325135957039344,0.8236960648475861,0.3315257848553662,0.2565813639614729,0.4715736599725581,0.21451206428029845,0.3769796318677401,0.7620782670766153,0.49939235103714913,0.3955843239228258,0.8460916353348167,0.6040919614273719,0.2702666602281787,0.3104740308199559,0.29663622457294814,0.2519206071135395,0.21692991111402726,0.3544295575150471,0.19544644571224284,0.15385932501960434,0.1575818472980701,0.14848886198098651,0.1620464945756647,0.3516626773933512,0.19507976231187676,0.27436934824997117,0.3260347625416325,0.5128208664949313,0.3590405946819148,0.2735411593257235,0.23643400458780614,0.15885255336145626,0.283775919584747,0.30304074985122087,0.13519032996626804,0.12591903449521827,0.22638373426134983,0.20486198951124257,0.09960078626030545,0.10655635675994504,0.10072451958838818,0.1429045178776926,0.11938313428236981,0.058502277347626315,0.11813231190884263,0.2235765133854728,0.2934702303576324,0.30755499730313834,0.3919237294964013,0.39215227771680977,0.28320501131277814,0.2561654097906254,0.2025475430836553,0.1331713089322732,0.1529478110007301,0.1804015663420102,0.1466159724332218,0.140206160149495,0.1702115453533707,0.14391313062574973,0.25658632732593417,0.3661419023805009,0.28449661058446213,0.23661505883346745,0.1617810818940141,0.1359101585105759,0.15923276381683107,0.2233897433191197,0.19327866495545765,0.21807100005359467,0.39794921979408615,0.41393204152389595,0.2582246894080843,0.16686887059735403,0.19791044114558168,0.16502435072973148,0.10635537642067358,0.08747767803183629,0.16011805945317362,0.17930126100484217,0.1718402706320512
Cafe,0.38582881687316567,0.7744518808685523,0.9284770768771671,0.9479146288472958,1.3584323060551327,1.5281342715111559,1.5177717029315778,1.4886502181280994,1.5588725851936789,1.2623969190084066,1.1656899265564618,0.9790144436275424,1.243674228900745,1.7913563538372657,2.5882505665352733,3.1270963781776544,2.6833908387841676,2.0626579400572247,2.154689613942409,2.8638908340506886,2.512985539829753,1.4189554293858204,1.805063118406862,1.9141979123333637,1.5887460397533295,1.18897889046265,0.8761180724004619,0.7054549876165523,0.7977821137308447,0.7740734396388113,0.5498645391146812,0.6027270688235824,0.6284179997331367,0.5471308532248462,0.8758981534730672,1.436841105228299,1.2288086332533332,1.5466944002211802,1.597355857291162,1.6536894601964258,1.5177518135544807,1.1421026909432364,0.7690867376052165,0.5067811220111809,0.45875884902934005,0.4710922615102478,0.43297399688759963,0.4364562851325316,0.3761270694912406,0.3968823238982845,0.29394798630137897,0.24176606134732403,0.26889080097390494,0.4669629441990034,0.5925654423806146,0.7257755420008084,0.4965049905294226,0.41368336809974765,0.35129180776852703,0.3335973368911417,0.2977300836192541,0.29849107451053747,0.16482925303127,0.22249762314084895,0.27538632844988775,0.2713910613042805,0.21615794113793033,0.159950580629835,0.42952148291179415,0.3110223082294089,0.4031412278117531,0.4076297808024663,0.31101023252980337,0.3629099781655897,0.4125769446032419,0.4640293012130572,0.3974378283803167,0.34675482044875106,0.27361057129919464,0.19286637095057885,0.27865688714655173,0.3800757272806902,0.2535060718647407,0.37962963865213717,0.22912212856819994,0.15918482929587205,0.08872952146945781,0.09830212696242219,0.14766335475324804,0.19658379152097008,0.29671237227489805,0.375400005386569,0.3201001829731708,0.3009972899045474,0.251436520938703,0.32119046622615705,0.18291168916110076,0.23927681991250155,0.26951518476602776,0.2973285444047337,0.169355529212978,0.1533253053431264,0.15622881537091837,0.17470444503424445,0.17948917796223673,0.14694096920522734,0.19167925108772998,0.2816871904464287,0.22945551910453313,0.2594072420303776,0.2509157319511039,0.2550172187325366,0.2153257290518781,0.2669882450782852,0.2356917976171432,0.23360719981717504,0.20778336839387568,0.2398191921172364,0.21221560988090452,0.1511938473570601,0.2347162964155355,0.12428713150533265,0.15900928931977537,0.19100610997632658,0.22545544972052234,0.19062535066141667,0.24627931520645757,0.4002683816714909,0.3955057403283606,0.30409123768778507,0.2833451609605814,0.37200204857373903,0.31285247182523646,0.2052752345274508,0.13632992977319858,0.12224351908275106,0.13960824256091048,0.17111403122652774,0.142962357701508,0.14021484204476792,0.14171972686949558,0.17215345108647212,0.1363524493720395,0.14816112239951362,0.17327887867181627,0.10271259004033426,0.16654757743780815,0.24537260215008996,0.18705127924405085,0.18298858378769897
Cafe,0.2167370368938707,0.2534533976979328,0.38379933585523407,0.36013507942770756,0.4640068155190653,0.8393173049394329,1.2716955639167786,1.5950989441087517,1.4367482413605879,1.1229094291997277,0.6629532407981658,0.6757296422163537,1.0733431259210675,1.3701638341026274,1.7296064470823125,2.0180430594052687,2.5038968745575603,1.9346063128311406,2.249387043685938,2.5993220295232566,2.6029132614251216,2.3320854151561172,1.8262899718362404,1.5653667190230514,1.4615010293059965,1.0549019865383729,0.8084725671126969,0.5167644964478815,0.3911516578130304,0.38570296476471355,0.37849074618946665,0.40176327502585685,0.3737584521084516,0.34038400581168016,0.5087604130725755,0.8047226145457077,0.721884552695803,0.6556912500881036,1.694353085862885,1.7903359654679627,1.4238058952518446,0.8494981050364167,1.037175741847844,0.3746998617553787,0.2711034967389953,0.33006133154705763,0.23837988216717873,0.1528330105297624,0.22229624917545096,0.2826260340572704,0.3178491962763133,0.33048608642986743,0.2913786630004408,0.22127100875332126,0.45148265036544954,0.540603534367547,0.26002281349668205,0.2975869781983825,0.2369400495756409,0.21452852426616262,0.39167927881015785,0.4045048606927928,0.20641564593440384,0.33181307349965383,0.5134789222338589,0.4452358086623855,0.6055311683301877,0.47112336048887055,0.15424439713193638,0.37392718840428163,0.33543019815359537,0.4073013492458099,0.5777504698991212,0.5376726291904761,0.40709238919478097,0.42961762593544056,0.2959433611650405,0.37514006712911335,0.9182838642512218,1.011798490973249,0.7551795423377605,1.0206032837634185,0.869355710485614,0.40488603368233217,0.4817678365865746,0.5062943189265456,0.267311528865621,0.3965155274646888,0.6755090813520398,0.3870065019915255,0.3975460082058243,1.0208473590187928,0.8999276533633712,0.7811445619167244,0.5883584193083977,0.36978210242915377,0.3871020147421264,0.33527000078798924,0.28622904281371103,0.6143118668769855,0.4506672758145246,0.09955725528298727,0.1352895991907595,0.13879962222040165,0.20173062839318887,0.19147848679412338,0.192643288242576,0.17563698228660904,0.17268439775630123,0.2270293013525806,0.16866559683671953,0.18312342936256093,0.23429484699326414,0.2035648943583033,0.19028933167567216,0.23810162172168695,0.1958857101273345,0.1347914815922165,0.22057806284984097,0.11764708727476111,0.21051171266903496,0.17405046323259873,0.27061164613269506,0.22233983120701972,0.2915703115138414,0.30889633727864774,0.19563545570394503,0.1696444910468311,0.26934737411480436,0.32572667535293637,0.2896793922629699,0.1998288984452456,0.15467332081421636,0.11776715304689776,0.20850443123895965,0.23690989025159978,0.23133483582863215,0.22001091491962035,0.19633063270230017,0.2404194853028083,0.1850742242469714,0.15340102933523037,0.2012675227269527,0.26491539180378587,0.24200234376909274,0.22093249591127928,0.1471920186740995,0.20006780614211395,0.21079739438050266,0.1763730721070163
Cafe,0.6723039091834013,1.2694241963410735,1.2260809627177198,1.2574804262810473,1.60750113985008,2.261423597162956,2.680924484547417,3.795584885315258,3.1806413695591123,1.6492954007413079,1.2505231225613804,1.2730332136397415,1.4510616961525207,2.124522821679991,2.5751554377437156,2.7216657661881523,1.6239754780369617,1.7451924532229546,1.617893575477898,2.3041960967045556,2.3058463541154026,2.124323009061256,1.91174912899278,1.2624392492572771,1.7734303781975425,1.825817324232907,1.6637506386757692,1.5236605693707377,1.2503018193879476,0.852949454483645,0.6699324269276677,0.5619246781932663,0.40432581158031716,0.38266533889072185,0.4774615586517288,0.4667116955794888,0.5202273818380315,0.7749509174769698,0.9521332287305216,0.9305215654716972,0.9203318996156988,0.794515055453926,0.7009120666138632,0.6160079721736782,0.6849068524050251,0.6930645919357461,0.6278432883040374,0.4340354671425743,0.2863816869232948,0.221186455148596,0.2269490711368341,0.1129809868551284,0.07491056223947666,0.09967977330084954,0.12370716956973024,0.09208609795624913,0.10376353748249972,0.1073838263794667,0.11319442734743508,0.0602759526180702,0.07843994378943266,0.15648396782053225,0.14967511639056807,0.12140115777890799,0.07270350563992978,0.06706567095349215,0.08398811789286373,0.12238595996845482,0.15645214307886063,0.1843618443922294,0.18633081050758254,0.1473570426896574,0.08421857022662721,0.1619385062691044,0.19336498870704194,0.13339920331935326,0.041296112455929714,0.03598645927499736,0.03660305592152581,0.03614811093242053,0.03660905202386606,0.036220757563559684,0.03634872679771629,0.03654124876962095,0.03617628541128195,0.0366597562416093,0.03619594723808276,0.03631476325278666,0.03656899416249766,0.03639445631733484,0.036731084399298,0.03639160433337687,0.0364493768837516,0.03677708972600465,0.0365237285299731,0.036673570351474616,0.03677471234985135,0.03664197555034958,0.036746993594694695,0.03625309792682153,0.03660994243932324,0.036678373781217244,0.03644836940835608,0.036846418222178684,0.03638067329489275,0.03647721110576206,0.036472843380728294,0.036546989715021974,0.0367300919348328,0.03615645380363502,0.03656582006769083,0.036555351551660266,0.03636627320123984,0.036674094747243154,0.03635724983894781,0.03651152563307754,0.03643204998843132,0.036251457016550734,0.036495390822071094,0.036299569611891264,0.03627333047352327,0.0363546957365191,0.03634570824962331,0.03668618534786842,0.03624543827375101,0.03639033402805686,0.03680059459476307,0.03650170687160331,0.03664627824580961,0.036426495718146705,0.03638469372359813,0.03634780277050765,0.03619471340512443,0.03665091175850121,0.03645084366424365,0.03654356593994026,0.03723222752327497,0.03666091934708424,0.03694538012350256,0.03665978952724503,0.0373038703697057,0.037052961441283526,0.03668373195636809,0.03640855199946415,0.03658832309111642,0.037635830695557725,0.038003313117615414,0.037645593042010816,0.03725007446969334,0.037094965251314324
Cafe,0.2676418581960473,1.094296173455116,1.1461855829351932,1.3937634829363175,1.4375318051289783,2.166022185958454,3.165197520800313,3.356283591005873,3.5660805425348028,1.897028108924565,1.742303031375627,1.727727075333552,2.655006760173161,2.790301800166596,2.0065269803353645,1.621419593688351,2.9944576394307707,3.2394715920511348,2.0548504359006268,2.455158235395656,2.3014240512717477,1.4818687315432943,1.3284717570647204,1.8822501710669952,1.9196653110872606,1.9650041668767133,1.8820352212662106,1.0859485467380816,0.8336577837943532,0.49434607753820836,0.5392530707466042,0.653062973415902,0.7013723133251135,1.0496629506156776,1.2133701530163974,0.8747888486381922,0.7743040028711652,0.6822598890948864,0.7633840148572726,0.8478405697264901,0.7683788924657194,0.7184584920104883,0.7378340329526427,0.6960970229321968,0.6047540811739542,0.511619927077094,0.4558289476866564,0.3302249153177201,0.19167058871506748,0.31816876476900446,0.45936101356854636,0.31927359115064624,0.18687596232166231,0.21889952835610554,0.27614289249416185,0.2861744222748747,0.2663565957183642,0.23689988155227565,0.2691888893815258,0.23911896044866066,0.17959825603619373,0.12474905928235339,0.2062028449707211,0.13559515691116575,0.09727947114992841,0.07819714226256667,0.11374431659153221,0.13013794427315917,0.11467801502309019,0.11557150241038273,0.11556738474294095,0.07998279984396643,0.1414589151883788,0.20384888310024218,0.132369904006705,0.06591605860856282,0.022397269383551188,0.01547261983523675,0.018585261155024214,0.01801199641834622,0.014747570656609735,0.018599174119914262,0.015116624095258113,0.015413973630230088,0.017451777602542316,0.012912335320366841,0.016296947579313294,0.015109414985427764,0.01257093247962807,0.016447462748273807,0.01294749535872136,0.013831554658049586,0.015391606373480362,0.011195440929045094,0.014763209581332051,0.013394412379219286,0.011356365211832321,0.014750035563162591,0.010816629341090695,0.012191486679032023,0.013642102291650625,0.009794687069843353,0.013198058873618688,0.011536882938526841,0.009964733626354139,0.013147058013470754,0.009579671621376889,0.011412479070701654,0.012115809627343807,0.008678220992834659,0.012265329009441701,0.010303297046289293,0.009184713610116763,0.012196847746005803,0.008692282416778926,0.010630751561442244,0.01109293816421325,0.007987783126851195,0.011341481706096116,0.009386199215669997,0.008667239986581341,0.011207400659831454,0.008062645613444839,0.010041212933404011,0.010041915125828745,0.00751062214273002,0.01068942771608761,0.008551047491311617,0.008048275294811861,0.01011983163576646,0.00714419306149729,0.009627191116666229,0.009887414533936961,0.00729927008446148,0.010278600675838002,0.008515699706479724,0.008994805096092056,0.010474073458609186,0.007710486408848485,0.009888569612438568,0.009547514036761674,0.008123843508294242,0.01129146360849864,0.011786620200182051,0.009458386093508873,0.0131386905661015,0.010719200096013723,0.013786805712063508,0.011819323808009584,0.009495199763573072
Cafe,0.4849934530095242,1.2429312077546437,1.5298948038688227,1.2465568522469506,1.1902806960948475,1.993225547262064,2.9404583051655377,3.7100133853745554,3.2181979678140005,1.5091441436873834,1.7302658846871517,1.2269599695800812,1.599463353150357,2.1024337992668265,2.892828118357764,2.1022588220788023,2.054451072458685,2.474754343048123,2.0571717243461496,1.2727839475389418,1.622514963167482,0.9959160783998802,0.5144189930349659,0.7929493256081119,1.1056096789883445,0.9601687214852617,1.3405965567911968,1.3462909800620755,1.0616862778825473,0.6692273409395348,0.5406437725381104,0.5941523308264498,0.5458088173099174,0.4042847054541149,0.36967962079410294,0.3050087056870169,0.3688143814543791,0.5420279235589551,0.6788923683519706,1.0900387273618404,1.399743683402797,1.7033508647811972,1.651493463429973,1.6695053701910898,1.6035036593406349,1.1593521881306414,0.713206331744492,0.4213538526080475,0.4285853946147619,0.452735484259617,0.7812282678974014,0.508052328694363,0.2563474733525761,0.22428650963243513,0.14822765212784567,0.15289315618458899,0.14425811903607338,0.16048811822451772,0.12796047632079374,0.1493342614544249,0.14512927967322223,0.37480618461599485,0.2674602048154595,0.09049837932144532,0.14526950174191156,0.25768450208654065,0.23131927716797943,0.46475492291417164,1.0485135831753307,0.9947675654684336,0.6321842565682363,0.3529141173227259,0.17970262995722985,0.1757109187347773,0.21347332817728154,0.2105841463889105,0.05087118212940263,0.010627153104265317,0.013069637305567419,0.013152669715361501,0.010591822992646828,0.013610524149120725,0.011433186214419041,0.011525959311442208,0.013205046991099778,0.010235358839516187,0.012321555511291295,0.011410861282136333,0.00981956652083396,0.01217856611238498,0.009458526479552804,0.010262053624911473,0.010725883575339514,0.009175560196975994,0.010505671385324955,0.009169718952375098,0.009571876687041342,0.009384810723466674,0.009117373855543915,0.008994407524797923,0.009095167115225483,0.009482402284609932,0.009305107631833247,0.009044654341983635,0.008953894309855982,0.008725565323526936,0.009115048145739522,0.009196114035221142,0.00913527121222322,0.008610294658918258,0.008842625301198496,0.008967253226640024,0.008834598718949961,0.008996189079543443,0.00865832841524109,0.009077435198553113,0.008622722411867782,0.00908200818156772,0.009155924767677168,0.008665772742135588,0.008744192572477806,0.00865533491796362,0.00905696200257675,0.00870109196225137,0.008641471783839682,0.008946189917378623,0.008669788883251194,0.008516319350382122,0.009078888414709668,0.00868931767327624,0.008820040473402603,0.008541824442039714,0.008979856682372445,0.009017813471987532,0.009439033082152295,0.008556325684163571,0.008596103974811477,0.00889195302698584,0.008856676669458666,0.009076609203826724,0.008981915006668437,0.008823594300303021,0.009228761936827347,0.00927906082857308,0.009433302663256718,0.009000340366043158,0.012302392430247399,0.00892254706191201,0.011243859911056206,0.008209760261497659
Cafe,0.354910181711519,1.336098511444835,1.781364451618719,1.6004162150683223,1.5007222993212692,2.2004761409366504,2.6317000984086096,3.5427450118851223,2.6920097249568364,1.775317748175157,1.6738465933128452,1.2317051124531122,1.3302377370806637,1.770384576389755,1.812259626055617,2.9573710111974707,3.194570222511549,3.4525362317243977,2.31380136557291,1.7449294134333835,1.9294690556951513,1.6504900300743879,0.9329650214410375,1.0919427802423045,1.4789351018158252,1.8289064359780152,1.5693337080468668,0.8512081988889638,0.46710773567318825,0.3745776296904994,0.5271441529999896,0.6637097803632985,0.5216451552811638,0.32455080453165935,0.3829158144943201,0.457948209970742,0.33409140716492,0.5606873875546917,0.9330445770531842,0.8857956336193418,1.158214479306529,1.117201705423574,0.8958092240473123,0.8902532135490686,0.8333468003592682,0.7420299079686774,0.5824256853337013,0.422782327716128,0.4480702267229163,0.34720964431749013,0.6387051152312817,0.5146274371151591,0.2440103896931567,0.27830107723439534,0.32344375359485844,0.2823639679986628,0.21473026764896308,0.1512461456304956,0.10677147646757078,0.14154309470317453,0.10042291289834604,0.11447224483290794,0.13652531427182196,0.1205590192077651,0.132324357480345,0.188895506866798,0.2811163239506992,0.5089723085933875,0.5149039112011132,0.6038867256307233,0.5514141107196965,0.30590172053422643,0.13887719753942002,0.30655297372031465,0.1689633450355675,0.12775410266794845,0.0167497233463963,0.012153267424952045,0.012312492472905402,0.011137142194436034,0.011961063325163699,0.012337785857943595,0.010461342781108364,0.012111841899776226,0.011956141019112828,0.010109440548592067,0.01200502090159605,0.011559981931926071,0.010327325146725148,0.01173239885305286,0.011166875700253065,0.010560592823029487,0.01112425352471937,0.010809382833760327,0.010527390278281963,0.010785538184038681,0.011008540174604902,0.010236174439301797,0.010199383344619482,0.011301420035352092,0.010065211841585112,0.009892178751351982,0.010643335614757683,0.009370996510974323,0.009955097016836369,0.01042459649861592,0.009015324006005045,0.009626113161118659,0.009838642194937148,0.008865802080993357,0.009448721031299862,0.009084185427566123,0.008807872921101478,0.008666339538190312,0.008557526190787583,0.00838832603662795,0.008078619262392077,0.008484224394197375,0.008298443178604897,0.007335935039543619,0.008177789699821594,0.008001072824896606,0.006934000157857577,0.00789898109656329,0.007401830330384587,0.006923109271620166,0.007654533039691181,0.006948119952169583,0.006683581289360532,0.0074265793858785435,0.006325669906860673,0.006366721531467874,0.006311343749074891,0.006426782767915566,0.007056550214886719,0.006391590015247773,0.006970917444383624,0.006810778231283206,0.006856685165730999,0.007463723925435694,0.00772636133639642,0.006543507285262177,0.00862722577586126,0.010471233301152913,0.011806829591276801,0.00992165536499627,0.007855798493860963,0.01053965090208817,0.010577132867962288,0.00973301017820968
Cafe,0.5511937611751314,1.2588223353278944,1.6881963487128158,1.5185288496045892,1.8076052353702992,2.5768554064294857,3.386312132722813,3.70116872578411,2.5338142584336643,1.3914089045025442,1.520513860175419,1.4528695702042989,2.0034103784152637,1.873848619286288,2.289702628619696,1.915116203568278,1.2090584863629843,1.7057039859248153,1.8613817280536014,1.848573794783835,1.8863878944787855,1.7938070983646748,1.6018830522537981,1.551033909454183,1.988053589154232,1.5504182471196617,1.4530810092964563,1.2465649380834383,0.7720426983070073,0.6092817642422249,0.640038504729266,0.4871954384966638,0.2767603162353025,0.2773764294738441,0.2749888530751126,0.37329594779345704,0.40103694819380825,0.614987021271424,1.0760149105827126,1.2318803515893664,0.8782682220375522,0.7813522900389608,0.70851649568504,0.9336143054278507,1.1994271848485871,1.0050232478734784,0.8080304594779381,0.7569087697957044,0.9655256762101199,0.6817390641865277,0.40124509510980344,0.2711050326055441,0.19808596514477844,0.1123297917858622,0.08338946141236389,0.10575951200236683,0.092446008975491,0.1917813416115385,0.1787420374896409,0.10354784904087623,0.09084723025256089,0.12303850204396882,0.12527410527961783,0.0676775986928968,0.04351071214867428,0.08761737924580516,0.12825257120135136,0.07828255559363854,0.1480496359308106,0.15960541077664228,0.23031754827069797,0.3043073287618099,0.3181709059986148,0.2842319572469326,0.22333324847783562,0.12636746294957713,0.026925690958776734,0.018937053387161645,0.019331063866351868,0.01953513457995939,0.019458182063879604,0.019187926074774323,0.01940741756270946,0.019650249876554123,0.01985767719863313,0.019556592091172807,0.019296975832954092,0.0195232231184854,0.01963610935868003,0.019769579309013074,0.019385659850900593,0.01933184838919299,0.019678531393138462,0.019753320368717974,0.01942751505071322,0.019460942223394583,0.01968942824028843,0.019874905706102234,0.019508189628026633,0.019405740093324193,0.019404726977124045,0.019659915841496806,0.01972945508273866,0.019693732273155462,0.019479891363094182,0.019464531490393143,0.019677303167999805,0.01951442457685582,0.01948746823699964,0.019257813591795184,0.0197301865178532,0.019557589851916024,0.01950815772410544,0.01928713229053066,0.019390869436151405,0.019591888233361214,0.019939296404809556,0.019196659031956158,0.019003779727628803,0.01943724601401297,0.019563344170548426,0.019515308902795986,0.019374348208742696,0.01919579333964984,0.01932734258824953,0.019441286874821603,0.019402769779696225,0.019366418443488492,0.019265495488668134,0.019186586255690117,0.019648894004517043,0.019418415397775703,0.019480428769454647,0.01951310675777483,0.019774302667600545,0.019850534669331163,0.019475067999500398,0.02005744917343664,0.019338628518451383,0.020238555011173557,0.01989432618971456,0.020223461377557986,0.01894707282973991,0.021324166521378873,0.01881851339992531,0.020523966934247663,0.01993692946211294,0.02064579566043944,0.020750832221866612,0.02052009221805897
Cafe,0.6306989083419359,1.0589791828028994,1.2155503290754663,1.2397783978826558,1.4941852974377179,2.2907829891071447,3.2966400900572816,3.494852094303874,2.495899871260755,0.9895877399725829,1.2181001614806886,1.266670595315066,1.8774687167727668,2.717012437257545,3.0028286231317605,3.5312558915300682,3.625346144539301,3.7252610346812673,4.401884570724809,2.1555582724373075,1.0314744141983692,0.8800066617018182,0.8161817721089266,0.8758620370508775,1.1126886636822606,1.2354714580328023,1.5185739462963936,1.0856493742603797,0.3820738627589652,0.17962393039258745,0.23057961670380556,0.3891056997421201,0.35668016266889707,0.42569496351841635,0.5319230876649393,0.44074680269513594,0.6233304435383815,0.8083892074634961,0.9280594939412461,0.7708432442704616,0.4801244986099701,0.4779085907891222,0.40114222755171586,0.39248365358837395,0.29214448201424503,0.24998230630425866,0.2258702821678473,0.19860806518247803,0.09120331130641707,0.04987480266531228,0.0958677062499141,0.1407968275983394,0.12097128460310186,0.08657553115592732,0.06836260442413027,0.07288493046420924,0.0902546391521229,0.063344765843871,0.0897995302122756,0.0931632572128726,0.08783564641288595,0.08355108497742543,0.04576103077056797,0.06673067597580443,0.08316988352687367,0.08174495112832418,0.11363114114100044,0.11445408297817071,0.14066388160833057,0.06106198589436884,0.08548924828239966,0.12180502064429292,0.15692096931335747,0.281295471072787,0.19851806064124208,0.07155952895191903,0.01914300772560393,0.018742036971003993,0.019062788005998147,0.018820486331519604,0.018718723724642002,0.018850192151150864,0.018534544237481188,0.018773565455430956,0.018785865895522193,0.018625988302814016,0.018712802888556944,0.01852237510431902,0.018600450153760734,0.018815316871531845,0.01843579688810404,0.018577815493654278,0.018451855675210512,0.018536407402897272,0.018671919696076223,0.018500220428794005,0.018548948758809428,0.018610209979974857,0.01868012461090189,0.018629309111948367,0.018530444174032486,0.018451410902614616,0.018455459066663956,0.018477495915943113,0.018657359738259122,0.01848041115182483,0.018247016515171185,0.01837312572396135,0.018440241562611103,0.018571895274126844,0.01851369843542615,0.018190094940395075,0.01812588940467521,0.01816087840891197,0.018113687071878683,0.01846377482230307,0.018265165808544884,0.018305310745290293,0.0182204710092687,0.018201182680991555,0.01809105728384497,0.018158119043571192,0.01824437405149791,0.01814336405134511,0.01848579163887154,0.018519243789860616,0.018478684168455998,0.018600664200308214,0.0184972221889554,0.017872945698314026,0.01825263749848225,0.018381653617967574,0.018374691129109635,0.018183766549738,0.018273508103443574,0.018415860711981397,0.01825322382730998,0.01853013822065858,0.01827916970042091,0.01843037604814315,0.018409539772085554,0.018878908585666168,0.019299590582963218,0.018818907245965938,0.019401906336749458,0.01929200179556174,0.02010762349336314,0.02015401353281556,0.019808402789586198,0.018207059577740638
Cafe,0.4524188109379138,1.1342618290836264,1.0845902138202241,1.3499141664069003,1.4972745320745848,2.1975879945212062,3.0983459151615307,2.674311261806099,2.3984385091524736,1.661859979031467,1.588377286871453,1.7518032802090302,2.147782196487634,2.032465531839136,2.0094197109266063,2.472494410006599,2.6370740213020816,1.803663800366186,1.7962708773264664,2.3656652678302197,2.4866606242296068,1.611311501470896,2.0719310696522615,2.119256568531543,1.7228063607795048,1.1942745761903832,1.246883414251951,0.9537800652843936,0.6960713446480502,0.4935502920393242,0.42593563515618904,0.6143627124567153,0.7069238131640594,0.3863088930139538,0.5508475642460947,0.6086427184452797,0.6848444924082298,0.8016680168222616,0.9297908873203102,1.0711163136889141,1.0084525205896466,1.0430698263504394,0.5757658336680929,0.4678403228550774,0.5776130806296382,0.5758210619693354,0.346931225240514,0.2833100723296078,0.13264794733205115,0.08082264827265326,0.09977534363120391,0.15344913584149886,0.09705039786397776,0.10473462946214547,0.1963308875687824,0.23069382817025608,0.28702794447721036,0.3881701320772197,0.18597477009928853,0.2838204579657886,0.235814971498267,0.12294020181420168,0.24010011311185703,0.2240536675923713,0.1052994831535745,0.20992501330147714,0.27068363878316104,0.12550466226917759,0.15901823592822098,0.1668328470236789,0.12983804862090434,0.12746924996564196,0.16889362916822254,0.17263993040626358,0.16650022500094525,0.09693556114085385,0.01677802457438058,0.017915148841930448,0.016852756614159855,0.018359534114579745,0.017684240265373317,0.018056567131984894,0.01878166128051091,0.017991214010523882,0.019207592797400266,0.018093553463509535,0.018921994470175035,0.01893083047708337,0.0185461484420816,0.01950280167547032,0.018342036836161802,0.019379303409380627,0.018883141381631052,0.018908340430865374,0.019397899326897616,0.018585515794424322,0.019781511032451432,0.019025622506170757,0.019455324067418414,0.019568105568934607,0.018830885516216977,0.019593938063990183,0.01885657095308981,0.019635394347336344,0.019209356399017666,0.019144571047925534,0.019757497588455953,0.01870456958294354,0.019717180082895445,0.019122164923163962,0.01931488830974165,0.019547547258801864,0.018986993417848194,0.01977444447015958,0.018862188410242398,0.01958655275155208,0.0192753349390688,0.018903893468577244,0.019793664339271887,0.019124300128296516,0.019915870036551556,0.019266848124314596,0.019307935534679747,0.01974068849514173,0.01900083415523803,0.019528797336718827,0.018971725266380038,0.0196750493938641,0.019592417609712472,0.019232772947277918,0.01988039422675284,0.019062571930872914,0.01979499247070657,0.01933598656008867,0.01938409876848926,0.02030762981418896,0.0196900970802523,0.02026899823620122,0.019776040861438336,0.02023924577114181,0.02071053133857584,0.02017814949074678,0.021027203564284634,0.019835336057671273,0.020350634888853615,0.020383082564744696,0.020290075807676687,0.02104824623186389,0.021085671506043048,0.021544450072726852
Cafe,0.28238044248769134,1.1514931208436028,1.0387145101763609,1.2689598247829408,1.4994098332357484,2.3566073234010734,3.1515313478052027,3.527381859262688,3.7389526322263196,1.7314594574292463,1.265561362349161,1.1828322253099433,1.8707200147908623,2.582524751720869,1.972630408291014,1.8266193388770908,2.8308870948552025,2.2760758683150373,1.6827345485070935,2.094763146820481,1.9546194052718127,1.6426753616877101,1.0779614783946527,1.3417149174630534,1.875000653174138,1.6471219665848316,1.227735340997413,1.2267770400293698,0.921060549530742,0.7364492164417604,0.6082194441352863,0.697375747066769,0.4678793554827426,0.32186705928205894,0.3879275791254003,0.4296814224904586,0.5941405768171973,0.8984766988810613,1.0908195269131578,1.2499616296322649,1.045662799601462,0.9811338467653405,1.0141312850435193,0.9714770317103398,0.9456729116614444,0.8118478935111777,0.5694088279967133,0.48809401609538916,0.4192596753442278,0.6954007744514745,0.9272000634924463,0.6624372954759807,0.7526303686778335,0.30432060098605457,0.4384852474166322,0.15863595444193695,0.2084306423482336,0.2382271125667551,0.10969059419956198,0.3466789442078056,0.6707571350869571,0.898752003744395,0.8417238901463067,1.028196747537031,0.9430128156232338,0.5976053206158957,0.45097041207277494,0.46853237810316406,0.29104212795753126,0.0915280432994793,0.1085218979596167,0.07408568305249699,0.0548703260646345,0.06419874962293555,0.10028789374633894,0.06087099379745244,0.018543737398475972,0.012452381924015977,0.006284226513414891,0.014681664181762036,0.014139823266395363,0.00568284334974534,0.011314737356570449,0.015357915740982327,0.008483431125632622,0.0061929467990730295,0.013803491496650297,0.01178022475012082,0.005218747962623159,0.009574295405443994,0.011576765071002158,0.006641782069403907,0.005719886816750628,0.009324425275959497,0.007200251396611248,0.004851517146779831,0.00796185903870275,0.006552969372764411,0.0045118780665362075,0.0073791679545426436,0.0075575627378506,0.00434138607884424,0.004695921145575998,0.007625123667490774,0.006184226886321141,0.004052005463123506,0.005262665025905237,0.00668447528710829,0.004812907507046891,0.004309867561259773,0.004876973449424745,0.005307991657030097,0.0050976703097466046,0.005010664237920139,0.004341563953906076,0.005355673501293462,0.005830829136724379,0.005407012569577674,0.004798452769975111,0.004956954350916064,0.00638813404965826,0.005730027951785814,0.00452643179247195,0.005237456262789294,0.0060071086647004905,0.006005022601064764,0.004366916450096976,0.0042945434549604405,0.005920598115050564,0.005669923231753347,0.0038124531121578927,0.004267723624451704,0.005040037198119187,0.006178805607044974,0.0032835601220087495,0.0055942993826458365,0.005252765518578757,0.00520521221933574,0.004657493856713443,0.004509328952464868,0.005954193170774969,0.006377516917888176,0.005536582679347611,0.008411378518901044,0.008309295290061426,0.009724975232022134,0.007894355927782945,0.010042198295042009,0.00811829775073105,0.0069101545193953045
Cafe,0.472859585982653,1.5133968845971209,1.5346902404034222,1.4436674315653983,1.6408393721580763,2.208283874920484,2.4779321874450777,3.810131301737515,3.1247112072527963,1.9127166141422376,2.074733711935372,1.732127010897423,1.362177023777121,2.370779067240532,3.5893722642136776,2.7070783525931734,3.157219357490669,3.5619021663492143,2.2464319624877973,0.8962806885570158,0.9560934101959663,0.5503856216989718,0.7397113318697766,1.1605219655064987,1.2788058130674698,1.2723939117510594,1.3682233631617882,1.3112559851671697,1.1355744338799703,0.8377659337571736,1.2522044622115844,1.11510194246591,1.092627520241783,0.8187884891153417,0.7482329764342593,0.6447258085243188,1.0054355310138698,1.0262724847808897,1.1155482618296537,0.6946736746573172,0.5412935210239693,0.6431650981906923,0.8268357888688955,0.5106828189376985,0.45035429695913287,0.3902476374761474,0.299149643704526,0.34845362389653417,0.3633812050337911,0.42813360064931216,0.5182966023612539,0.49944180393617954,0.4914010141040756,0.36732138687320753,0.2967789316824411,0.3044014677666808,0.2997028846122411,0.2657782503082468,0.2193581184558941,0.15791614615455546,0.15546496949694893,0.12119229566441152,0.06970741856555833,0.10427006797266739,0.13270368948621503,0.14972955732166937,0.16500721041382302,0.1680198747911111,0.16009335744132538,0.14359137527279453,0.16620362672096217,0.22842584113772746,0.2588524201854427,0.17875949424507287,0.2834039236275915,0.14444605242797223,0.04097451651677894,0.03218587576276878,0.030862971739811715,0.029288144407989117,0.02947935185433504,0.02851119347979047,0.02857730772544776,0.02873662968107519,0.02774659605341154,0.028529083379485034,0.027502567640213003,0.028065611224718033,0.02717388750511527,0.027876973491125376,0.0272805944257157,0.027451947546911347,0.0274311202422924,0.026973293004297447,0.027868626255594192,0.027029971483388298,0.02766059691003753,0.02682552882692796,0.027373305053318767,0.026861700973681374,0.02703335908832847,0.026781887840949266,0.026426067615962473,0.027286835953197506,0.026578320042420268,0.027005580047959367,0.0263935625873946,0.02710755208255329,0.026295464605119542,0.026718103050631267,0.026494991731537815,0.02620536943250802,0.026828816894519925,0.02637784180238397,0.027058867216646715,0.026425667026059863,0.02700015562100738,0.02643855478141619,0.026737258792359657,0.02654375544226828,0.026451044106664663,0.0266394888830695,0.026140225682082067,0.027053095805797123,0.026570758391005273,0.02692923363366032,0.026219394933907757,0.026490696643960945,0.026272787535633176,0.02628976799328466,0.026967474198987984,0.02618844791921964,0.0266280246904873,0.02623088287789054,0.026862851737808564,0.026315470679387252,0.02676404070471472,0.026396484313238395,0.026135822491001482,0.026583350010890065,0.026506273408998637,0.02678906353870523,0.026440169004754054,0.027437797808812735,0.026779896907806085,0.027332187101826846,0.027314982660479617,0.027166780204143155,0.026506279833691516,0.026766240302136857
Cafe,0.3478168743323421,1.1104048474571888,1.2094302504641787,1.3067887932120066,1.4235361544011922,1.5884797749777133,2.6418542769603293,2.9416590427416027,2.590599810981956,1.1655359133181094,1.402467888072877,1.2491528293860348,1.6867673696969532,2.0733357702699604,2.094425915653594,3.5801044285903214,3.5964154875128256,2.5136689385221063,1.3618751235801403,1.7566228793147087,1.495401184845387,0.8348303238452174,0.7829943160911562,0.8273791967251783,1.1492199958392975,1.1722587437942917,1.3447477976308984,1.2171643769079683,0.6618698306156416,0.41963820477256564,0.2676008299059681,0.4827095112454033,0.4341074633681873,0.24929546354876242,0.24169913212090322,0.27762400808273285,0.329376482607279,0.5483794342799926,0.7198010777192714,0.8076090272492439,0.7017844929735394,0.5516564412755588,0.9809037130101872,0.5344907100738838,0.5247735522096112,0.4608410858695845,0.39812646131749085,0.3688133130253164,0.24620995414553493,0.4459557829777734,0.7812907296532781,0.3710870314081021,0.2649521177281803,0.20622296200001233,0.2990294564410989,0.32072488431307244,0.35732988365545837,0.21612314256659898,0.10423881131298329,0.11373744554561149,0.06361310363598091,0.08966896939767621,0.2897444501936051,0.35718316068852096,0.09420973299679963,0.09956189311010183,0.07648115082662034,0.10991012206040138,0.24481473836322015,0.35988708155261295,0.3454623803191567,0.24785915985218657,0.173650067608578,0.10089213644609364,0.0841384327474957,0.05565140828875302,0.010777681830749505,0.01017808409696445,0.011779882956461733,0.009783997447803906,0.005333217734085471,0.0061103303785364615,0.009599771821778166,0.009452993453616828,0.008545836286537158,0.008395900645675514,0.007012550387608876,0.00443241608358628,0.00776711103707034,0.01045533972757711,0.009404207308712728,0.006329502423137123,0.005987292636725784,0.005985854152170017,0.006227334273517409,0.008135180478542328,0.009451197648090999,0.007634917460845244,0.004383532298340983,0.005718545283804881,0.007304087755723979,0.0073013555212966316,0.007194041771401361,0.007336684789104575,0.005489658483863994,0.0035476305067015405,0.006578769072519729,0.008424394358548706,0.00732487863412805,0.0054206884444401755,0.0054806904959274734,0.005256985288682344,0.005008174672958038,0.007428993278946418,0.008396590739008133,0.006548970129198157,0.005622333152666926,0.005329566033606502,0.0065745872069286875,0.006704541369140729,0.006893589423405594,0.007021270381020475,0.0049432827377538895,0.0035262730559728795,0.006516453123244487,0.007481086001219346,0.006400483995806611,0.004956627989612478,0.004892238707608222,0.004671104617411306,0.004854204009010035,0.006949336290887172,0.0076718243672251685,0.006022032688025974,0.005170421102038715,0.0052940708183531965,0.005891641388543136,0.005715099538566071,0.006474578966989698,0.0062292942787268175,0.005382467059540816,0.006161402813800437,0.005924474364666846,0.00905786038476543,0.012371405113382179,0.011814578292473515,0.009231358121409941,0.00814874908717485,0.007713014448709209,0.006890701567164564
Cafe,0.11868730324688492,0.3142215167959641,1.0992373596193916,1.0924884085079323,1.5944281909625162,2.577861979693318,1.3653408666055356,2.088525587781771,1.5862214347308663,1.561698512518379,1.3483109967606284,2.026631197551965,1.0665793471028926,1.1569427143368363,0.9519779181340216,2.061455909883526,1.5756279092224326,2.908999129576439,3.2865244567231438,2.1851185756380187,2.090556233009316,1.832251182003035,2.5076226572180236,2.828278453996756,3.0386631484319735,2.617990412441611,1.7903381079341527,1.3283414200970607,1.569186351660209,1.8713483162963156,2.9485866351668415,2.812317090951179,3.793471805585465,3.093663943299009,1.5181278269805614,1.341946641093236,0.995614217291487,0.8026546537696783,0.5720353828376958,0.7769203909329662,1.0698331361366058,1.3282889114589498,2.7951043764579486,2.204963817852268,1.3720089216378402,0.7302564695033282,0.3326663897192005,0.40674924052070793,0.38337859583838113,0.2870097034888069,0.3511204699515509,0.5498968010688772,0.6432014663864174,0.7935220975532417,0.8778858072308688,0.6156225939169899,0.588976929811514,0.4986062533274729,0.1857714933392052,0.23126303819028404,0.2459603322971458,0.41237255547312957,0.39419953858013096,0.2498136060003508,0.18918751182455978,0.2310934649044962,0.15139410484530566,0.09362017039373251,0.10371357910512304,0.10534265949277308,0.1313103328664163,0.38956425852544346,0.4935486279527087,0.4164756251796322,0.41405353496965047,0.23745465565348606,0.0728265901580198,0.06291596480016987,0.06041369426850357,0.060309890394498564,0.05855834534929816,0.0583295484292468,0.0577530968640432,0.05641022721293945,0.05671124826935242,0.055838454521487,0.05567914760371854,0.05535260590686524,0.05472260999893121,0.05506419868073337,0.054132753419712965,0.054360001413653394,0.0539641422506772,0.05366184606272327,0.05412513201849569,0.053519101623023445,0.05351054464424243,0.053479577752751126,0.05334276298162748,0.053616633328629586,0.05288104321509674,0.05336144040378687,0.05321426520658685,0.05293970144736107,0.05269932942034544,0.052359685671850856,0.053081080433763285,0.052660285462114265,0.052338775343973944,0.052419743171043934,0.052149706648245066,0.05243143208399296,0.052548855596001066,0.05263849945426199,0.052194413046063586,0.05144693561996941,0.051986616086617476,0.051906652204754475,0.05212868368773795,0.05229584890285538,0.05206108487392902,0.05231065310290566,0.05172089060727316,0.051785281731334905,0.05162159399164056,0.05116786724590602,0.051601141938644034,0.05183175758660711,0.052620663051064255,0.052393065967202036,0.05212549710543345,0.05213808576693992,0.05215116310373924,0.052240544179391404,0.051577818179478534,0.051592863989719864,0.052038038773341226,0.051549816025762356,0.05191781019492555,0.05258699047236836,0.05286474409992707,0.05266175076441525,0.05255332352882028,0.0522972720791783,0.0514824940931771,0.05163464186770542,0.051482552918375106,0.05175970555308881,0.05188566845710692,0.05227955674364396
Cafe,0.09992840879996281,0.5539728245003436,1.1338599948277102,1.2094193036148904,2.3950319252645316,1.4862094484033177,1.47400093655393,2.400586356213422,2.026150381049216,2.2628921870231355,1.7434483558470806,1.3710775829288624,1.0365422988918616,0.9903871136336859,1.4312424190521595,1.4276607680580864,2.3901941847775996,2.7665047171371118,3.1507520442513917,2.707517514154541,1.812506037402505,2.972528925692208,1.937472341919992,2.9753656306398284,2.431452831912646,2.447490671521115,1.959874933519785,1.5150284512683985,1.9520873600301791,3.2924502783419056,3.199832463418993,2.797115575489676,1.6179378547329628,0.9342610850336994,0.6735629763988076,0.6780394689077827,0.9228012426323563,0.7958538882018509,0.7545259306590719,0.7542987360263378,0.9158300526053947,1.341447877581641,1.1400519398517615,0.6540085475956481,0.6102736670939641,0.3566631017135867,0.2977705707368638,0.4436641974414443,0.762053044137837,0.9362742038779338,1.4509763064834007,1.5861761247580768,1.6021169423232187,0.9520523996081237,0.5526889046729555,0.3343584824447716,0.2433953126432014,0.29594524420311524,0.2572559822599554,0.1960570499560243,0.14590334821351036,0.10687138529258733,0.13848982417906086,0.22809680618963063,0.220011876052224,0.1343416096241892,0.11417783545297044,0.12239882386157107,0.328817066807414,0.3997710754069604,0.20946335353253595,0.33053641824294333,0.38804616669631387,0.3971346779200944,0.3780626839206823,0.2143123332502773,0.055533914455786815,0.05239112013600974,0.04829470533680373,0.04004116522259492,0.04860051888088173,0.047216027134910674,0.04280942153981216,0.04279575421852644,0.0504094112771457,0.042348135322232514,0.04302226736457499,0.047894011080242674,0.04612786561685894,0.040872843102557045,0.046932255584091885,0.04791836878279727,0.040552512127659146,0.04574183136979073,0.046824637152958315,0.04301575402083016,0.04119177498427503,0.04924676558036959,0.04256783127315798,0.04157057446252492,0.046679894541818666,0.04747833835218482,0.04006931682173925,0.045795457851344167,0.047743708416043036,0.04106439314498031,0.04365519391119771,0.047339274287366756,0.043691681766749424,0.04056941046459238,0.04900968956282035,0.04398059945561883,0.04174249818425885,0.045945573925062586,0.04830076706349831,0.039822383204658626,0.0439893990182182,0.04734513309700643,0.04238555479822343,0.04225696089666771,0.047491973753993694,0.04487296197038877,0.040505913483342294,0.0481991369570799,0.045746382635053276,0.04152838791901424,0.04399311461105537,0.0484691834752063,0.04030539458460474,0.04353458596432041,0.04784261908415049,0.044041341415100965,0.040845851726811204,0.047482842997643326,0.04565706876987201,0.03992722567888268,0.04610024150612666,0.04632493481292543,0.04121734392657734,0.04293685015199554,0.049433438462223,0.042240275536929724,0.04347111148526302,0.04758252451381248,0.0459567381128516,0.04010200461808684,0.047508365949195865,0.04664224258580643,0.04032265134254823,0.04609971575041054
Cafe,0.06034716541912677,0.2787222674603782,0.7983387894196661,0.5260410925733083,1.6368765988083287,1.7076613021877853,1.973839582367858,1.9982836034709617,1.565137235245956,1.288373829868167,1.7386321473972353,1.218011573081863,1.3477360030138978,1.0306257589609429,0.8698554315520447,1.4595847266100443,1.7321123508820166,2.847203080799155,4.098905740762483,4.223245780769532,2.4434738873315194,2.8246244447462963,2.145080389331467,1.4335471521475982,0.9613444864337383,1.2744112012023536,0.9442528869358975,0.8023588952865579,0.9419427214010547,1.3400758953375724,1.4148641857762736,1.0127359451536262,0.7389101888339423,0.4525473040951359,0.5076825830630242,0.4254867306809242,0.39290293128616954,0.2818321560143988,0.21976243386050864,0.18147974945309706,0.358630932815891,0.4658994598915851,0.9115880361406415,0.7286453498115705,0.7264310903782709,0.5351189303211709,0.5896058374099159,0.6155619594414364,0.5279122143816812,0.48044841708428027,0.5687961268666698,0.5798634043372709,0.7469640227715756,0.8101084150628839,0.7001232663995106,0.46892421383261684,0.24673325879944197,0.2251894273822706,0.27995031159721084,0.3301243454242123,0.3714241298563502,0.30807874546061204,0.18500711217177274,0.17845737382973578,0.18557844308356192,0.16644454931652472,0.1634660222926822,0.16070924358411717,0.1490527120802835,0.08539695277337672,0.08378365166236204,0.13299093012755464,0.16811286960453373,0.1730165670283679,0.17774626664905405,0.1425188202636487,0.07446436394551105,0.06768688137369977,0.06571083257213198,0.06471562993116077,0.06460761439069833,0.06393456967052275,0.06437970679250729,0.06364009350861469,0.06334581040564959,0.06349113524026603,0.06263665765676354,0.06296263552042193,0.06252105190735777,0.06246670947630156,0.06278521795245658,0.06200635772451167,0.062327646999701315,0.062219707123165886,0.061845837760626965,0.06234318147031126,0.061808118274391255,0.06178876404851574,0.061507644360047235,0.061011449041058124,0.06157967411193723,0.061311986658568955,0.06163249409665852,0.06184132353871216,0.06141504513732708,0.06163149865568607,0.06109809875986324,0.061026234689998994,0.061231956472642055,0.06110542294990766,0.06141071525606434,0.06105294629430437,0.0611820572181313,0.061545163747030715,0.061290266196294255,0.061266373814911276,0.06108148308879185,0.060991062081606304,0.06122246398810816,0.06069737896211822,0.06095062945707722,0.06073567849549474,0.06059396096893487,0.06080169286347234,0.06088634631016322,0.06088229810018373,0.06086797486486302,0.06084310036360869,0.06099533754245577,0.060764704604130346,0.061394984876566805,0.06121926209401676,0.060265126321356915,0.06054758936182061,0.06023890607738121,0.060333083834177514,0.06042469913638958,0.06046799249872664,0.06146214944919121,0.06103864892967756,0.06152872114272284,0.06223820583882325,0.06210388470818531,0.061673764224805375,0.060550977232332055,0.060889995405983166,0.060464244224035305,0.060174134001737115,0.06096023353484712,0.0607151497464365
Cafe,0.05358753747579958,0.2426065072232607,0.5582125977463217,0.4991934130326864,1.010169764437445,0.8585039700764845,1.7486846604948385,1.7077324144367714,2.2472269365624786,1.6559295589847736,2.3964089675378224,1.5569435801321976,1.3293781910154063,1.1137214016838324,1.3305772039748094,2.420992687269629,2.849609920918382,3.0765447934384564,3.4387318205341595,1.849226028834826,2.5444243447894106,2.2058754226686936,1.6190746082137628,1.8815363097457656,1.022553831168079,1.107059511908726,0.8641570696704073,1.011808143747566,1.1483866558598859,1.5787784251682777,1.0953080501586785,1.2718575621063624,1.5155387485543388,0.579220145369894,0.6787687342506254,0.6154512891370951,0.48567030749431095,0.4453215845889914,0.27540301616060947,0.35034089674521013,0.4593615418390959,0.8011035541606896,0.9926697216036414,1.2555307143446461,0.966315693725599,1.015584055715306,0.8833803057240719,1.0050230263306446,0.937346384326833,0.7292822067692379,0.5674773125616566,0.6304511681811583,0.671167709384325,0.497263255700269,0.5309537616362378,0.3833920083403709,0.18353711528980138,0.16790992707359015,0.21615206414173643,0.24734828288821165,0.2457995243669252,0.26145446939758776,0.21779348567187976,0.07446649602766992,0.04788755566326226,0.06629630072611413,0.0491193589373767,0.0541109364781218,0.043043887302020994,0.09069359153162558,0.11966883609836236,0.10133352793442393,0.14679273290083983,0.2631453756564853,0.3856148524426727,0.21623927879626204,0.054285803999456615,0.03715942180683869,0.03657548661570057,0.03641731684903716,0.03640300849611503,0.03606339358910463,0.0359638732779027,0.03590061490936575,0.035890380756594634,0.035522754306844435,0.0355380897341013,0.035684676121973326,0.035637788320562865,0.035417598469248704,0.03545083473329946,0.0353487554711989,0.034992932488411,0.035318649804360266,0.03536343990526624,0.03513357052242219,0.03523683963583116,0.03520417621271884,0.03498573122564774,0.03519923966254536,0.03514854162240859,0.035218401325051565,0.03485071378366614,0.034790386901626065,0.03525496377162675,0.03509432047454649,0.03481286891310448,0.0347549252665561,0.035024253723195856,0.03469192533381431,0.034602785428854546,0.03472884626284623,0.034887973903468844,0.03446269103710718,0.03501198085051929,0.0348833254828932,0.0346617165698602,0.03455333359692464,0.03488318324994824,0.03481576748415446,0.034542438924204596,0.0345832683849201,0.03478705821644811,0.034685398412578505,0.03457260318933999,0.03484248262757642,0.034711720846907886,0.034522684027764365,0.03483710310194496,0.03459191810129068,0.034638376937289564,0.034924297865231824,0.03464621121262756,0.0346467598713304,0.03472838848013948,0.03498615948023614,0.03504315545416178,0.03491444570947736,0.034776780349040554,0.03523116599453818,0.035735538550799015,0.03507904217088454,0.0365161420169225,0.03591070531711978,0.03542499753626857,0.0351708501848324,0.03623448090608881,0.034348910113964584,0.035263333886269115,0.035884754157044986
Cafe,0.05553682425137566,0.3264101141558097,0.7022967160612226,0.6915762811188398,1.6051508892021658,1.1967641399202633,1.06632719468694,2.002001209150741,2.4139879222124385,1.6416193850042733,1.8586133843705084,1.3664850010786618,1.083396952311073,1.0221392103382694,1.1923974615198585,1.57337492739613,1.9720879136833949,2.4410416718635966,2.429599379496757,2.652215146990705,2.923370149668137,2.2031109285937034,2.272223087829846,1.7577021989916637,1.953215894464927,1.1226985403982495,1.5677954326258419,0.9208637134701321,1.285280936478466,1.4704090600558475,2.2399032308790847,2.470297393502763,2.0498941759057177,1.4570733970938532,0.6913313793061211,0.6499279703298301,0.5678652358750225,0.5361538160899045,0.42474366888149706,0.5826071327929951,0.6302312995353604,1.2735461447136822,1.7277997849452515,1.8376835021538436,1.1756564325074497,1.1153766175293485,0.964585171445456,1.0722785036251,0.8362061171727724,0.9698134395953404,0.8415933747441717,1.2106859100262928,1.070895636157883,1.0005384836123417,1.0771113438176532,1.084707374096112,0.8045587638637832,0.6698144228642461,0.3970663013586823,0.3723860242812916,0.46440435225579385,0.32450409579274486,0.5181459883235099,0.5128698493668293,0.38494240622211906,0.39023546814528776,0.2366793987014829,0.0780654257933556,0.24239279276382994,0.38422605818891714,0.5594545481650228,0.6043980144107356,0.5690671987380015,0.40845823386141333,0.4609152786071171,0.32216161076070576,0.06265555845473335,0.00515662712159262,0.005576916049119808,0.005557740653226233,0.005509828640137701,0.00518318029414871,0.005000387389651096,0.005159525578011935,0.004562077553706163,0.004579672719703442,0.004703834802934929,0.0043298103381660576,0.004499161633414458,0.004370267998532081,0.004169032030710847,0.00415633274179791,0.004200165242204635,0.003849654383558902,0.004245223751855251,0.0038714674008787113,0.0039786260110792684,0.0039020425367141233,0.0036790083012662143,0.0037063914571013458,0.0038986522357347224,0.003582737110768062,0.0035231658369989085,0.003681923154016135,0.00360692053795471,0.0035092197663139126,0.003504038767292167,0.003858101471564781,0.003447308861052777,0.0034518980819178095,0.0035269008495491336,0.0030555207486923017,0.0035877595941017954,0.0033495494765093045,0.003202428969850385,0.003403209701244839,0.003022390924538008,0.0031826628699210633,0.003119285268443836,0.0032954019207752224,0.002996377726919479,0.0034259800010025183,0.0028137179954012257,0.0032907727374332026,0.002725987336291225,0.0034933977691425414,0.0028281253178313592,0.0031103857566544624,0.0038579289171610026,0.00509166683165331,0.004461054734122153,0.003170986214333093,0.004402675679331039,0.0030127131623228264,0.004234907830571713,0.0034588964065412255,0.00623686859520734,0.004953707517174369,0.007070486393115607,0.005644423839465964,0.010049659910193215,0.007079707258344104,0.008672272377230847,0.008339096391775873,0.00746790215635061,0.006912418800823892,0.004901461477396285,0.005338346168628027,0.0065710947539897105,0.007092411803942555
Cafe,0.040438684783760385,0.3777454260102735,0.925871141994935,0.7171676366414717,1.1221533813864202,0.9932468462004096,1.3348451363587746,1.9165660140510887,2.2978891770120464,1.4069193020661492,1.4223812254018129,0.8500993366533611,0.8242783563134258,0.7523631168944026,0.8644946180971727,1.1660064806690547,1.5674968442908503,1.659656222382357,2.84142912666937,2.9624329817794015,3.2017869511154595,2.169568305614115,1.6622770847605262,1.201350145083793,0.9234934631034495,1.0578746470279357,1.4709831582467066,1.3120532524539796,1.9810716368183083,1.5141432231692904,0.8932672780328851,0.9908755976211899,0.828183441867592,0.7426252767019447,0.539862623672391,0.5544550419678305,0.5724543718990404,0.5384182267173918,0.6751831202887756,0.684944343488635,0.9769076790835829,0.9753856011960821,1.2305221786233043,0.39871576129396297,0.30752534560973194,0.18258734498760773,0.234411248809538,0.2836999721688746,0.4825574187688949,0.40949421640286865,0.4045771797007699,0.6256921278913605,0.7371994047134698,0.5636681140813484,0.5022782150110309,0.4583918351983435,0.33613877717155666,0.2552872292498787,0.23743732330540454,0.280688131122989,0.18416340676863438,0.1296108152304199,0.0728156725830771,0.04077285025887068,0.04126429103801614,0.051349307327612205,0.0625068077135661,0.07148647499358547,0.06909793094666102,0.12273522930488093,0.2246683886594796,0.23977708440244527,0.16905310422220438,0.15100078679213824,0.0976241728758516,0.08665227758517828,0.025668154619453168,0.0050000139508851165,0.005066594322544278,0.004990641083862867,0.005188926367817044,0.004539689582898115,0.004807118054425158,0.0049304191485896745,0.004528734669455374,0.004690770294915727,0.004313893266782382,0.004543568595885594,0.004382115928987237,0.004296799724017157,0.0043398122565482195,0.004378828090666164,0.00402527931617214,0.004569315948845929,0.0037104359269236123,0.0040692852918125825,0.003947965712328771,0.004133758231597741,0.004075712531551023,0.003785216007656199,0.004004463004714953,0.0037137473841005945,0.0035918128727734913,0.004114579621958514,0.0037051438886959165,0.003598505683763442,0.0036417439114194332,0.003646256381236252,0.003918214211379322,0.003627519558617223,0.0035943011568439253,0.003444925224744326,0.0034877008659462637,0.0035778708925902555,0.0034126345568796365,0.003572433466347541,0.003120842765780758,0.0037134254611572385,0.0030027726082126906,0.003707871059743349,0.0032072907145075584,0.00340547721727259,0.0031285296010625865,0.0034179054280519356,0.0032432878096399585,0.003472090465023484,0.003232269102146947,0.0032907724913125913,0.003293772935040013,0.002928432380727977,0.002552395512279747,0.005080077238074071,0.003540979571821612,0.0032472250947055623,0.003681057492441836,0.0035291772770486506,0.002980183089826981,0.004117134288068075,0.004802746895011509,0.006202656639480123,0.009052648443567558,0.008686207777759086,0.0072888193287406425,0.006460757144173319,0.006450234221470706,0.00441865116416231,0.00395715902011041,0.004098709402071649,0.004148209629890623,0.0050193844119719834
Cafe,0.06861882102669471,0.3360251682369298,0.8251213913592721,0.6392986091143443,1.1235731957082844,0.7710592685864128,1.1893317344422614,2.389502235203599,2.471053966296159,1.7826328088814618,1.4206370516862026,1.0628815190442107,0.7463959996237179,0.7836551229460189,1.012728136414564,1.3602368586294522,1.724585401806514,2.311572234706976,2.8882667488695306,2.746914037894482,2.622744367837956,2.20017852281716,1.8673688788988256,1.657965071478712,1.5914580197640005,1.248953102082714,0.9645694928722703,0.6500008495757312,0.8834343731229174,0.5676787172875307,0.5051340453856393,0.8190832648895703,0.8947900670972383,0.9302226635591586,0.8581884711106875,0.6826272921612246,0.5182647150550559,0.4613734067105315,0.4842452692826719,0.4272822277812923,0.5105735921570116,0.4200509892293765,0.4335432858365389,0.5043941237736118,0.7948276638351084,0.8926944897358766,0.8265139318159742,0.6026187285257867,0.5724054997778476,0.5607660641048772,0.5595872802119476,0.558077139492812,0.5341084215333439,0.6912085360865419,0.7711406725287455,0.6975414045180734,0.5740245797996766,0.35982486257376095,0.2254732643154151,0.3492322295994539,0.5370560834862462,0.6205971903565476,0.5830692742847798,0.47986010548359803,0.5641804105611649,0.6052387079897985,0.5499040331154579,0.5165799898487009,0.4723695924530905,0.3768530805386395,0.4568420058704639,0.572999514651294,0.5500715677651967,0.4740447569102364,0.3881258004289013,0.30571178738398735,0.05957597577671629,0.010478077844560754,0.007878574436525253,0.007637506712205887,0.007134055233018795,0.006908314806638669,0.006716974563292549,0.006602645791560625,0.006381980380552099,0.005903619167539858,0.006436392335576456,0.005924388448777185,0.00592547154941309,0.005614646939156544,0.005663546517777614,0.005699674610207656,0.005281228691982462,0.005288078096903668,0.005251020515002911,0.005188882011453929,0.005193578350909648,0.004861531558061413,0.005185393024426315,0.004683691716682281,0.004858349201264528,0.004719108944815578,0.004779706361404748,0.004504904034477112,0.004778619385712093,0.004260907627563509,0.004584569597485186,0.004512525277907769,0.0041089505726396944,0.0047006757027918105,0.003954922181102354,0.004434294289685927,0.004022859715773781,0.004258625970744412,0.004066666916834829,0.00397865815620528,0.004180607853132294,0.004012992780123096,0.0036837349189578787,0.0040245365162279185,0.003744089995805747,0.0041224427128249905,0.003508452364050256,0.00370456390819015,0.004060658903788658,0.0032886999897150195,0.004270910233811374,0.0029986293046955145,0.004087161481239438,0.003646481614603563,0.003441450714113657,0.0038117741358097462,0.0035594322490474597,0.003987065073893666,0.0034500020401293575,0.005027210319198738,0.0041407432449745585,0.004825825239078217,0.006930476319642309,0.004276045308802403,0.009336384535105394,0.007623635369126732,0.009770348088281497,0.007638507133648456,0.006417008088655163,0.005787306489598087,0.0050841049514761,0.004747061384873854,0.0033213753789961826,0.006192609958332685
Cafe,0.2534193560292385,0.6504334177303244,1.3228927746757775,1.224509713344147,2.62070838614272,2.528864787549285,1.1091523024054235,1.4874986221887347,1.606384794904805,1.873387571044232,1.5309950249223288,1.2839793558843353,1.3332795278880865,1.1039674120688558,1.2009264038008929,0.9718653183641338,1.2568042533587094,1.510378821511529,1.9939064989776005,2.5389507673218588,2.229108709769735,1.6702680526350484,2.1477892959780793,1.8139153158998873,2.612965797137684,1.6257433591867543,1.5561249491273292,1.2004079234593608,1.7095922957168586,2.1551989342768847,2.503177776966365,2.917860153500436,1.1926702395521842,0.9299887399736396,0.5597464004570645,0.5837438166075466,0.5459479359867156,0.776581388718681,0.6734224790213015,1.1546549492961855,1.4463406344386853,1.2262447693683804,0.9200364016561974,0.6194068519515181,0.6816019780135324,0.575656600014378,0.47630105133774964,0.4095203603612422,0.5401552108844943,0.612734499355065,0.7576531440799341,0.6081855695537179,0.21532486101587256,0.4008498565980384,0.2974496410006999,0.39088851109114275,0.6945727632346196,0.8679966024123629,0.42439270160345816,0.43630702049871894,0.27010567094177684,0.3863463620349999,0.4814119699889338,0.5023894608041717,0.5309167499011833,0.3960020360832658,0.36954980696095163,0.5103410151554357,0.49445682762094695,0.48383560443539186,0.5167488470365426,0.4572408868139294,0.3996509564482226,0.39977412960137165,0.37654883755636204,0.235970098004517,0.07339992603705542,0.06849405772278282,0.06811902087023665,0.06834426558841215,0.06794112013585317,0.06837996083055199,0.06782768967121974,0.06847703219894516,0.06798046001587035,0.06814960316158684,0.06782084615442481,0.06796818127872827,0.06758470517324243,0.06752903877415514,0.06742757437526047,0.06770111026903204,0.06766547557610138,0.06782047303179803,0.06776491281424807,0.06743345179946468,0.06770263525581098,0.06765803432336294,0.06799043417669227,0.06732651594388447,0.0678633032805912,0.06756076047218908,0.06789627131433199,0.07207309835612204,0.06912132441841574,0.07417871044998875,0.07569760886548639,0.0729591352085575,0.07737657886793417,0.07203023066569099,0.0724786034637865,0.07130309100528472,0.06772800397692295,0.06801593673622064,0.06770490643146561,0.06751706986616161,0.06725682149425465,0.06770532562624172,0.06734855911560854,0.06732979181466615,0.06679149048779559,0.06713629138348194,0.06716544883255672,0.0672559447059467,0.06687164573998287,0.0674771894603859,0.06722282084661745,0.0674893346673826,0.06742566987400966,0.06760615474963946,0.06767460321994782,0.06756637754160201,0.06771406476779135,0.06711807368743741,0.06730298357341999,0.06761111555523389,0.06812667905467751,0.06720137402219534,0.06730677120622418,0.06680619728479097,0.06749986309722283,0.06702252436080819,0.06761064827820056,0.06773293678456459,0.06759168380500176,0.06702026627428763,0.06726955226801609,0.06788957110465975,0.06788046155205534,0.06755997187583579
Cafe,0.0700047541878241,0.18632739731343695,0.5211706772077578,0.48051909774572643,1.102443198841013,1.0991768083449727,2.566175575077586,2.629424106340285,2.429704975431096,2.151000029188234,1.653877131197742,1.1176594204409356,1.1047295516238573,1.2509161724030984,1.640366228763333,1.9307686323668483,2.351838098414688,2.7386517021226147,3.4980753726050353,3.3422843589667988,2.5529155350458934,1.9409279178705847,1.6147845688110714,1.119302184631362,1.1485230759071656,1.056619589421138,0.8773008449284582,0.8650784348306064,0.8210422020996532,0.9399159946938209,1.2653520176198856,1.7632129737645754,1.6842011497518565,1.3684868326108373,0.7237114050011976,0.6879708617468768,0.8069499461054256,1.0863069050375485,1.1319775247386292,1.3033958992292165,1.5283814989298916,1.5609473571034964,1.038745447267612,0.6672620152717003,0.8011051997605083,0.6852343031889276,0.7911612627302279,0.7943694938683559,0.8823645809984242,0.971810317406679,1.1774599673674997,0.9926859928690253,0.7786236082979773,0.6243310933559322,0.34355865369467664,0.3426739834478763,0.19626687945076932,0.25672735553864,0.19257121385977716,0.18828279578000742,0.1180853191778847,0.09508324953636317,0.08335594892135509,0.07637919981745823,0.0786448242688893,0.08964032359016286,0.0935972340367569,0.08685112688327708,0.06740518966085728,0.08248719791613965,0.11843669896423074,0.1581406422686275,0.2197124218196082,0.26439780998830464,0.371330526107703,0.2463338691370355,0.06013687070774676,0.04548606410975856,0.04377148488082161,0.052140443777271776,0.0664917266341158,0.08098197523291105,0.08633429635336035,0.08191729177506366,0.07137328343106916,0.06480053471552788,0.06830278592854629,0.07261793175249573,0.07243113170260908,0.06579975202786026,0.06268010578673094,0.0694087978133042,0.07869422893050262,0.08239015486434621,0.07411088863684931,0.059948863153541865,0.04986651292393419,0.057180848844605246,0.06960967424828406,0.07646922442395235,0.07461819861254872,0.06756026567365615,0.06299143964219288,0.06324607492249644,0.0672876631530702,0.0690010126132905,0.06931637972423742,0.06850736919690233,0.06782404032348735,0.06782017276745125,0.06656978574912079,0.06613951600486329,0.0664701417232258,0.06948317117535942,0.07140853128305247,0.0714246653447024,0.06838440400201455,0.06424639221442001,0.06290970487014975,0.0645459415991151,0.06878886449077153,0.07053587148190174,0.06843819965088152,0.0626645278376683,0.05746099352459928,0.05949835612237677,0.06745036727482874,0.075735661557933,0.07743603398725953,0.07381008967853961,0.06712152905980515,0.06543204064834131,0.06941415750322477,0.07291758569588604,0.07181501982010124,0.06593379733027362,0.06481324955135012,0.07122125041825622,0.08082937212946302,0.08317199978348411,0.07521011038487696,0.06008282212392978,0.04750541386629658,0.04966584039562212,0.05826971251422003,0.06391555745385026,0.06297203590725757,0.05996098948037261,0.0605120645864173,0.0616056695188064
Cafe,0.029446851102332534,0.2795302126066077,0.743011469617035,0.5589963790955482,1.5196337101367765,1.2501595568927755,2.5092577498123063,2.5447238278399014,2.3030404195569307,2.158185162979696,2.7309291430779394,1.4006182962723432,1.3029854529897287,1.0995386520451347,1.4251522459879444,1.5614047521239902,1.9095187538252378,2.397897111064793,3.0553845643577464,2.460466095138334,1.6889142172493694,2.1197900820243616,2.3662331141915316,1.3489834741145943,1.6007563528927282,1.6604298900969736,1.573602799269067,1.5755858406624936,2.13247870679331,3.116301736511573,1.2123481204559963,1.6437043504176514,0.7911053701582419,0.7852887764245171,0.7425977270909037,0.6813306548009171,0.5693722189704215,0.5832494777248487,0.6977050224614458,0.8212412038963758,1.3550856620250142,0.9765248286958532,0.7163335811222215,0.7865048984507542,1.2262709264895904,0.8963989855797545,1.0184127320207026,0.7753832171596903,0.948623862475257,1.130939143954677,0.7369177608698062,1.1346277623767518,0.47398955442476776,0.35564839282347593,0.2537692868206941,0.08979325008097383,0.182182135353138,0.3294786222144505,0.3156113445342593,0.15126220072011737,0.08611735881776338,0.0763602970112063,0.1253260120922015,0.12145627532859035,0.0843626726634147,0.04276755412905331,0.12747464736257605,0.18994686898355134,0.4033993542825667,0.5030221576076644,0.3915044721446734,0.739690573041988,0.6084325386963768,0.8217943361708165,0.5221678821587598,0.2531767317814924,0.06769806939778132,0.020144423739618673,0.019694550034662466,0.018915341108257887,0.020184581859043774,0.020788315039543426,0.01929349763070664,0.01903914762655886,0.02015928273952395,0.020380368125459482,0.019085965227177412,0.018895550189760833,0.020075903561066637,0.01999530694535298,0.018898787157405214,0.019018125072809183,0.019949659265989825,0.019590480999210087,0.018868380170519096,0.01915020253380037,0.020030288276176596,0.019565300383965645,0.01835553494106099,0.019005742846743678,0.01982628877570706,0.01929398729096714,0.0186593928537187,0.019047413185620195,0.019748105114382797,0.019035161357552406,0.01830557187159895,0.019022082635119276,0.019493788151763933,0.019049143137366012,0.018327297616832973,0.019188791015271864,0.019548301713477476,0.018803328704596924,0.018595850618664728,0.019298620968900147,0.019161083962098407,0.018526300630934637,0.01834656960561666,0.0191317824493007,0.019227730170833266,0.018484922889207,0.01878551809716193,0.019244953610380724,0.018899017438506697,0.018510665503790956,0.018710072687925895,0.0193771115667347,0.019083598039443546,0.0186781322782808,0.01897677373511199,0.020111868023311115,0.019117983342283117,0.018890028821653086,0.01898533646574814,0.019647696784959374,0.01927775057848209,0.01853284265842602,0.019561776200990103,0.019790265378747122,0.019310917828134135,0.019435225948660186,0.02008214873520782,0.020878332732320988,0.019614248973486036,0.0190773229202154,0.0202007962118726,0.019342546599968955,0.019500937096992382,0.01901798688377726
Jugo,0.035567666343869236,0.20809403567925233,1.3345925814756987,1.6951425249714642,2.1542702374768834,2.682132357158416,3.817840382259071,1.8519270310742448,2.4870255575458575,2.3065052687584275,3.4158158754951993,1.5283381612355529,1.7325331831748445,0.6708254287933563,0.1689476269377092,0.1305428251708761,0.13738475518547835,0.0923060596641926,0.08487658778982898,0.0697594008511655,0.07898939384965806,0.09571042639611357,0.11027294052319152,0.07109433802034903,0.10733148049768751,0.07561430904484219,0.097783320000251,0.15137699255758388,0.2716151858974481,0.4910068518054859,0.437853404706991,0.2865853086985773,0.3616163376358382,0.246240896120585,0.21176440973311944,0.18710572671237366,0.16970676637752882,0.22243041006544623,0.2579419823836969,0.34915426081599477,0.3708690425824107,0.542366473851458,0.8967619802967397,0.948062339093069,0.8579980759070012,0.674490236401701,0.1658963024944802,0.1670771006469041,0.10383648856528206,0.05032783205930945,0.019541463342609817,0.035374158689656036,0.05008385441930254,0.023133999388115924,0.01756574072179788,0.04831277902936084,0.062458691432392674,0.06759567958891041,0.08211159733339579,0.09516088673362458,0.10929747449507361,0.14538894466188984,0.1347842031784949,0.15698692894777003,0.11469173715227239,0.09890828939931524,0.11830325085499238,0.22747808159291955,0.35432018937813425,0.4826525680254586,0.5481904462963122,0.4113692615529549,0.40387931378405584,0.5408215731217529,0.37265190279179516,0.15101041754291394,0.019857971445105323,0.014523212526218016,0.014910935939458808,0.014102509240817107,0.013670878580585698,0.01366022708784077,0.01390432908398319,0.014615151376294476,0.014345625524008778,0.013648830651450138,0.013363249553278512,0.013173887274687598,0.013703579652648182,0.013975552383412852,0.013822027397700781,0.013445951883659187,0.012961879255675329,0.01323375669540202,0.013862242150169428,0.013551158988598653,0.013566516299820688,0.013350924895281445,0.012971549921441549,0.013073286557735177,0.013643503699022444,0.013517121335365187,0.013554193703749887,0.01287942407109025,0.013204270331361442,0.013224820663798693,0.013216895374543127,0.013523193720085907,0.013498355621768713,0.013162416458181513,0.012857376021872117,0.013130241600639882,0.013256830068672421,0.013527990417264227,0.01302630787865517,0.013043734189789628,0.01277126429937708,0.012965164331711522,0.013411350133143521,0.013232336200248655,0.013225509550173984,0.012595697304133166,0.012637714066740855,0.013341142344140411,0.013142323365301087,0.013241697369505392,0.013195782272691005,0.012721162470622525,0.013074923986884285,0.012705010269913048,0.013030622719241483,0.013110134330188981,0.012791631979495179,0.012727109587151009,0.013171887871023202,0.01306085124322763,0.013224992961746613,0.01316702539669282,0.012602269598470986,0.012693955467889689,0.012887874773739262,0.013053674003931905,0.013219331399273428,0.012899092532496152,0.012399224362080723,0.012712179868905982,0.013036925099138947,0.0131124292949643,0.013839966223720511,0.013633502989664004
Jugo,0.046671776126775914,0.23985699856150616,1.4787906314010733,2.851484286648013,1.4902956421712685,1.664343064404353,2.4114273478760886,2.569096398335628,4.5650307698810835,4.247788917737357,1.6332884247271968,3.450147924102327,1.3563192731058216,0.39116479940351295,0.246978475165002,0.18896921219860652,0.14187083357780136,0.12033249818240188,0.12698148145287566,0.09744177660841119,0.12902565420061143,0.07391392076394598,0.08873976666427338,0.0953045867116266,0.09352534876446914,0.08035101155697216,0.11826371083442291,0.12870388239595512,0.12376018322996593,0.2344070550466988,0.20779161122528506,0.21250851158825745,0.12445367353009273,0.27446858382395706,0.16100058142017612,0.18888332690636464,0.1572583493354633,0.16964304102122546,0.20168024548297175,0.3409000238985437,0.3862504154807298,0.2946746752264008,0.627688624532618,0.724051246654648,1.2572735633682117,0.7750655594705342,0.5023382843172567,0.30341170505643256,0.16172154947319348,0.20817615227620595,0.11029547445434314,0.07441682040412045,0.07117530508787948,0.038280690476661904,0.06546101626792807,0.13684655182547995,0.10186121586576553,0.07743706772245543,0.07916263575866261,0.10403365727011224,0.10184102198873864,0.11249848385920402,0.05620263409843891,0.04271297192489999,0.060470593019540456,0.06116501045475591,0.04992217358523373,0.0617031376619811,0.05891690142095722,0.04150197568174748,0.06689708391553938,0.12768011207312507,0.20825191615907085,0.2448231800231434,0.19771085322759208,0.2139570970122565,0.06173905619390161,0.021454347097663744,0.022013058554977885,0.022594446385245926,0.022221925494634757,0.02138257590227937,0.02136810382424721,0.021764485295311914,0.02219516369568167,0.021491055151436945,0.021129567127126235,0.0208502410102372,0.021289271487093402,0.021555281246611532,0.021104838572477788,0.020570645271847668,0.02048745508731668,0.021073792591980577,0.02108909682445525,0.020529726746288376,0.02019980388553621,0.02020920207649115,0.02048770073723605,0.02044097114868375,0.019966894704732084,0.01940611151393908,0.019874521598869235,0.019928876672347995,0.01975188795382123,0.01947916307334811,0.019097589608842627,0.019341050464512618,0.019491415858498253,0.01915419910994262,0.018723659861639628,0.018562307910007333,0.0188594051205166,0.018925821997785634,0.018734359832610986,0.01840630396089918,0.018162628818844284,0.018271478145487276,0.018361475309037572,0.0181716323674365,0.017808030649261973,0.01772925973246436,0.01782152272744582,0.017943261586527245,0.017655231894391384,0.017062656185946448,0.017316420288219017,0.017514087400375942,0.017617955938450478,0.01689986126696262,0.016869685513095117,0.01713588388925564,0.017195777569808786,0.017333364330502907,0.016895667663736822,0.016730279113730064,0.01697200415653589,0.017031109698910214,0.01681339154968517,0.01651268632740833,0.016700008720255066,0.01678597775678225,0.01676932088295226,0.016740542009751804,0.016713290573446345,0.01631503003042935,0.016685333695786366,0.016765666170945062,0.01884059853985817,0.017634236645672572
Jugo,0.04446890587495663,0.3503793887333671,1.4844604822180583,1.7921330507484432,2.389188357227685,1.998184038845368,1.969168815834459,1.8271435599224013,3.9882571629497336,1.9300968305353603,3.231635258751287,2.6236535646211685,0.3698352998889449,0.1976239402005608,0.1982557174651881,0.15468350042306056,0.10427139278198136,0.1026347716916636,0.08246656963768657,0.0658219642414748,0.07527865775217053,0.08076723622756393,0.06207029067348371,0.06024332139784474,0.07066280501564723,0.0844681786133101,0.1193287803723625,0.16266922235431644,0.20812280267286323,0.4857788094163468,0.3010915764530573,0.2791661608000885,0.17181047477178663,0.17836103225673616,0.165549832642322,0.17187564775750108,0.17546109197120757,0.25532797102721816,0.3322713390956311,0.43883377446701766,0.503435846538066,0.8070925093146133,1.0972794311898386,1.7351172547262181,0.8684190317675385,0.9744994616678331,0.4467610357870753,0.4226058634970273,0.37034487932240895,0.2114178830555123,0.05827762833257184,0.043876936130385846,0.06918210164170956,0.15247417628063986,0.1535774115526182,0.23583486881076587,0.22712631691409224,0.15813542593981925,0.15572826936941217,0.13175776756100263,0.10422261938756018,0.10905947861033198,0.09661533764587227,0.08310028614206107,0.13192515674579472,0.18410945122990954,0.2517236939002348,0.4211324645702483,0.34538847672785344,0.34009005760948363,0.2854443459932464,0.3089316816317864,0.33532213823462326,0.5295536251104177,0.7588011112679811,0.30835351458357535,0.07012843298881934,0.004953517166917956,0.005805541703342965,0.0057851076549642454,0.00567781634048755,0.005389999880398488,0.0053653945089688244,0.00517415361598932,0.005166652881988853,0.004675731454247083,0.004996659043514139,0.004645363388625922,0.004619628956125856,0.004513259912469149,0.004473912178559301,0.004390671798331883,0.004358389178183105,0.004163273302651561,0.004453887371107162,0.003949411556775727,0.004261776623767009,0.004202935539156287,0.004215571125382973,0.003938248081202261,0.004027553028852301,0.00392142374261872,0.003995656363100585,0.003845059812757441,0.0038231963644385133,0.003996694599058558,0.0037355987610503075,0.0037209202760793087,0.003785429988255042,0.0038106083659852734,0.0036859483028319315,0.003422354634562058,0.003958274149077798,0.003557500080204532,0.0034271822673048865,0.003746250639341477,0.003486550823023818,0.003735700813905451,0.0035917248620455514,0.003520726245877817,0.003664952784448926,0.0035051501277392353,0.0033265471156063795,0.003386905224262028,0.003328999299106335,0.0033552137006093315,0.0033849101128918726,0.003291968099387148,0.0031849355547678435,0.00328806561109197,0.0035666726279244714,0.003233630739690529,0.0035037925909510753,0.003320939438482678,0.0032381117937041394,0.003362040416350031,0.003258533142060019,0.0033075880308801667,0.003030387869763766,0.0030725688662724786,0.0031601281254692816,0.002986617802608042,0.00312679641559718,0.003087782694985306,0.003002881158258727,0.0030804711457098166,0.0029188978058771664,0.0030114778756312154,0.0031456809860186687,0.014142872207768263
Jugo,0.0546975658290822,0.2923014518321164,1.1265231435134586,1.342309045503876,2.998936737337088,2.4891103903223466,1.5969030080987698,2.390298074046893,4.89525169795131,2.4102317321189908,1.2572743162013769,1.3836606130640714,0.5761640165950347,0.2779034546241607,0.17172453633876383,0.13716015695268058,0.09052273306634816,0.0916497870239106,0.08504269451099727,0.06742731351580845,0.09096737189582217,0.08542756535527497,0.06251083661855478,0.0776266721079763,0.10909783756033875,0.1151705376275721,0.11100143794667812,0.10505202007154302,0.15179209392883108,0.3541569922659384,0.24696988398317446,0.10586040994970855,0.1488562376779901,0.11273896643810118,0.07369419016435069,0.08782935718841282,0.10959318986267749,0.09869649536351956,0.11201747510366976,0.215566166929466,0.3687427611409116,0.3304420962764386,1.0087645273733317,1.45579970152288,0.9553564215064494,0.9972423145109719,0.8051928968113518,0.7965219865263582,0.4878773025127738,0.4210414233508335,0.20098892645622884,0.17069965419343242,0.17902518218663033,0.1093015841160097,0.11697597869237512,0.14457300073539248,0.1944817678383999,0.18494020643207154,0.13592752121418764,0.11290401618982572,0.08517630080408312,0.06875654117686511,0.06721334986912199,0.04307892168524764,0.08658713079513022,0.11984888292150439,0.19172865180557513,0.19210412819912168,0.1676184286445629,0.14335545458204862,0.1037232176039071,0.15453366644551778,0.17271880151502117,0.5031731080768691,0.9123648306637085,0.4182163209603816,0.0855987428971455,0.040516859337521714,0.04071759689122083,0.04009723284430802,0.03985660743387122,0.03996539116685621,0.03911184971708892,0.03989026920794753,0.039135622896483896,0.03884418831626271,0.03989798185156317,0.03865116671926727,0.03910086140473974,0.03896878102558706,0.03808484875496494,0.03917344114599207,0.038075246690105806,0.03853285383937152,0.03895378448993232,0.03782410506033108,0.038884179625927655,0.03809523195203198,0.03811151813763207,0.038834536922427505,0.037802586450551096,0.03861945242645973,0.03844917608496875,0.03775422530805127,0.03848026885813284,0.03761298055835063,0.03820825599893073,0.038342254734671274,0.037512679820148664,0.038555672089613316,0.037674069244060256,0.0377364558859824,0.0384835232724966,0.037630738776183066,0.038389852599264605,0.03789233402752106,0.03741417821203094,0.038197493883855835,0.03748461573760895,0.03781650956357956,0.03798865106077562,0.03766707745527054,0.0384433302648361,0.03754148851143739,0.037557345282667194,0.037941988127169805,0.037378624105601096,0.038056389075737544,0.037673656217480325,0.037693629569659416,0.03819490205593866,0.03751314633275901,0.03801259839631901,0.037903271611237764,0.037487838808809036,0.03814092130249209,0.03761203054810369,0.03787671869911477,0.037961911121304044,0.037566534339074885,0.03804053776176521,0.03767238864533254,0.03774825177941112,0.038114613352305225,0.03739276445164686,0.037880262485779845,0.037815429250676824,0.03801585091891639,0.03745477172176526,0.03785210914229074
Jugo,0.05220370910281294,0.2453590905325593,1.3528362082103105,2.249811769859725,2.1304730230437796,2.0542158258703203,2.793226033367616,2.7603422988124855,5.588930479301401,3.3252012006844307,2.7548893032078325,2.2295949463289686,0.7260350802476239,0.28453939812755447,0.23516473987248487,0.20331439048435768,0.13152702291574386,0.15519652803866046,0.08919028850333868,0.10805039412402585,0.06495101436698009,0.1031486305434793,0.08171753461613047,0.15175520056786657,0.1638533596001729,0.07436464616541918,0.08401614286536038,0.13884568034563766,0.23003733582190555,0.12086723547120107,0.18352809971916528,0.1962987903515981,0.23867772233408618,0.21835105034459168,0.1243759967731385,0.11391747049029535,0.1379372084012931,0.1797497528307468,0.15638543819508988,0.2562863686134782,0.19432828876942215,0.3262209458407142,0.31635577143579285,0.8565993496516617,1.083759213549978,0.9748662260495761,0.3055590607621691,0.2596837666000328,0.14001115720728682,0.10149637964607257,0.06593463510619128,0.03787794427048084,0.03464544732214676,0.04233286634600876,0.12692702065014785,0.12381847582313932,0.11024719753149526,0.09203069878056444,0.07154021608509525,0.05602232321400799,0.05873071217221784,0.04946373546443503,0.04879799014837754,0.05454996764220497,0.07267662061907898,0.08092347268307515,0.12180404132151564,0.14476519160376805,0.1415752087281755,0.09622172475432661,0.07862958116548992,0.16033076830167753,0.14786546759997266,0.36231658633329344,0.477400526823164,0.26000156674568337,0.06441112452749101,0.007787286456827281,0.00680921090219907,0.005354251684791471,0.0068664635851995144,0.005682698135167669,0.0050947961959554484,0.006851393618751797,0.004978523338113095,0.006330341233258895,0.005409073857608757,0.006464593262683314,0.004819089672598001,0.007087596713067415,0.00464167762304472,0.005459581826157764,0.005531074973058254,0.005532130687085775,0.004647606341175985,0.005951894167282513,0.00429205846657121,0.0059380338205606426,0.004436504793757375,0.004344112037040363,0.005484783842657067,0.004083614393367503,0.005363797050453791,0.004088333924738544,0.004799724819367447,0.003824000694838061,0.006172565466748334,0.005130513550434296,0.004898503703031585,0.0038399223624390804,0.0036410476800179748,0.003778856424470863,0.004880012495665968,0.0038340299632607946,0.004097292656682531,0.003780099427648303,0.003963899060774205,0.004532161421876276,0.003592837275890715,0.004281667723251727,0.003443936157653091,0.0038988227421718593,0.0034193589061197295,0.004471372591590086,0.00402217841949707,0.004501729582304449,0.0037577528870555623,0.0033392806966798553,0.0032696868313509637,0.004300885242284991,0.0034459109037699408,0.003671406871426379,0.00326222211571022,0.0035970452616677674,0.004343319354272247,0.003496186296329832,0.003989045166377787,0.00308184801284234,0.0035132378019758093,0.0037747510306321884,0.003583219254469962,0.0032531700902729064,0.004295971205273332,0.003267906170305909,0.0035228161286450267,0.0032392164792217765,0.0034389900369556983,0.003516504521870921,0.004785602689885958,0.011087117613833877
Jugo,0.07078843973830115,0.2210669685050029,1.2265570205030645,2.2357321391602114,1.550319961738126,1.679295519629455,2.5226360264246925,1.7484222526775466,5.570468729446201,4.866576834328578,3.146953880615819,2.1259150950540473,0.42210040564029694,0.2822350783952905,0.1384858747072932,0.15522441575674123,0.1093014042876419,0.11671459177319116,0.11924546407535112,0.08175017087055966,0.09908442794834257,0.0826233819697731,0.08333116553742276,0.08367260399478632,0.09734405121461573,0.11346500840799507,0.17463184411583418,0.17715479580822158,0.31967641769935534,0.24565358613012905,0.09280782717403237,0.1178026715340392,0.16172078136270152,0.12102624351202405,0.1291102126805817,0.1153262806747368,0.09315498083383564,0.10720659343306643,0.1680052500679084,0.2229426056062284,0.25853591610766935,0.32174992842736916,0.5048350828868586,0.5655597876212439,1.0483048348185948,0.8017869870907425,0.5996921781561857,0.4728346243683397,0.26414475200358173,0.21997988452720657,0.17595923131117905,0.21343002890069995,0.1374366131931868,0.09940984747218708,0.17107324560438247,0.10812787089086186,0.07822329994757175,0.09564652007029745,0.07574458114568548,0.06321427421948567,0.0560740638204387,0.05685156879036998,0.05941868177126926,0.07186950968142884,0.07172251733025052,0.07213024128813604,0.06455242578473622,0.06196080784492703,0.14187156639741902,0.3807453988766948,0.5222797939893146,0.6539067757211502,0.7338544964425916,0.8428522921362199,1.0353987040782586,0.40526294803115814,0.07938821743866215,0.06366742631788415,0.06917675164325192,0.06924823043634547,0.06398222382519034,0.05507178822777814,0.04992428503989728,0.05265454928092661,0.059693289277270196,0.06588643428976848,0.06787924712991478,0.06390961956929886,0.05551372070839357,0.04842245436436061,0.04822178919472689,0.054577054393655074,0.061396914314699014,0.06480285898592918,0.06257059307935656,0.05502101803701215,0.04665712194174141,0.043670638411503995,0.04841213237519882,0.055761066294835994,0.06005861753930567,0.05954406623412249,0.05368529514093869,0.0448551467860793,0.03895138158456816,0.041270455390994804,0.048285751081326905,0.053814206279139284,0.05501179358352557,0.05077937453744955,0.04238112097018941,0.03449238174055986,0.03402777278638004,0.039722618439841664,0.0463717631811629,0.049236212425216946,0.046694763472541964,0.039619215075648244,0.03093185577800141,0.026547902184093617,0.030794683808199868,0.03761236343495462,0.04158690962157594,0.04140797815478627,0.036494003431653196,0.027789486725017454,0.024184252276472702,0.02495269254145537,0.02793223337757858,0.0335300043242937,0.035064694852072024,0.032250992917624795,0.025597574152190442,0.024136752322324605,0.02473249289008914,0.02468914315491892,0.02452551479639037,0.027736688633092095,0.027879478602409295,0.024427832779580924,0.024002494341053754,0.024377145991340617,0.024136178153399617,0.023745369792733846,0.024510726460594465,0.024571125304802537,0.024470040067656823,0.023200064480293853,0.024622509165838306,0.025668553395621997
Jugo,0.0918805422859464,0.2611929182527285,1.32657734375132,2.1311528244529683,2.103047724745956,2.375797767928659,2.3392855287946444,2.1905603059514016,5.050128736279035,5.5676113480383105,1.5654047970278497,2.0153193431971346,0.6201320946113118,0.28898955821415034,0.24171450174083592,0.12935409311362128,0.11499042327391558,0.17102752755318157,0.1007564001132192,0.062401805115592276,0.07000492695234611,0.07758229693597854,0.07514009340732582,0.06797616055892927,0.06892239387605206,0.07401977413489592,0.08695386790057194,0.1265143074127492,0.21056638655777812,0.18919306476945585,0.15279914775683923,0.12976076430149458,0.19562309060377625,0.20709678199304,0.2134121315636519,0.12795897701871203,0.09834531173085931,0.13456341892717189,0.3254819960173179,0.28216867950275465,0.2310114844011243,0.3193942833692708,0.2870209032852267,0.7643236965093095,1.3459055395835287,1.4935975531246997,1.1019065529635197,0.7393879044768418,0.5837177957908398,0.3244236771333053,0.13019416269528744,0.10000521288836682,0.08652928795831599,0.06813850658687834,0.08824663306080288,0.17039407919689734,0.19071477505856638,0.13685118598086699,0.10071682636775607,0.054272001047858606,0.04408724431852119,0.03698529904525514,0.03311062394931355,0.02536220743957462,0.038757306107175274,0.07092684109111792,0.0740981043062457,0.13737324524501068,0.11529143911125089,0.1478358916159454,0.1895484380264858,0.9333759423564838,1.1623088795304684,0.9940895843741283,1.038337951989616,0.6600805174909269,0.16906176644061527,0.013587028078757276,0.013286005260973913,0.013375326810823249,0.012379136788672189,0.011747492973586826,0.010683814578227153,0.010436023794806468,0.009391803391887487,0.008845339488981599,0.009191286431187754,0.008327180189509136,0.007674731545368709,0.007905125069612533,0.007441233459206369,0.0071851935314922585,0.0071395912783885785,0.0068269764176113485,0.0064568003194201634,0.006504252105495928,0.0063591792965796146,0.006028738891090677,0.006198282304643505,0.0058962495071150575,0.005857317583106933,0.005699736821323507,0.005565398087801614,0.005532319231956387,0.005454265410552149,0.005205866893630277,0.005233996983028617,0.005454701595713358,0.0048557258075516,0.005039298769484289,0.005001840314136182,0.005126932367136384,0.00459150971066647,0.004865982347871856,0.004744134188613404,0.004708428654139006,0.0045784028056906866,0.0046359939928649375,0.004614162133017189,0.004419587402961721,0.004476058054755552,0.004408515762151249,0.004559979693224727,0.004377936771944996,0.00465537779938985,0.004301311641455366,0.004337269971738736,0.004140429516586839,0.004250654956636943,0.004249826983486894,0.004090280137920197,0.004291040396913328,0.003982052079656545,0.00420639229567308,0.003945671982646154,0.004340048336797433,0.003947874285382501,0.003943752514251176,0.004063069881232371,0.00418219146569662,0.004034506397163182,0.003794322771937596,0.004138093805961666,0.003953542507943311,0.003959550430463413,0.003729815774696647,0.004466947392311427,0.0036940558153766285,0.004415448706444218,0.009725286455160836
Jugo,0.06979633216426565,0.26143754623788956,1.4307341615233824,1.965577344049798,2.4867469438921295,2.115178954595218,2.488887929368238,2.047193251165961,5.403286628278063,4.106377133093734,1.588883357206913,1.5620639158281178,0.5657392934670151,0.23444376309576576,0.14705807395910492,0.12918133485293296,0.10684575165128371,0.11016911415264581,0.07316443154608496,0.06429235848536545,0.06223128649756835,0.04449654900239357,0.05904167629277719,0.05620903985884167,0.05250273759340119,0.06053233526529947,0.08182083181486668,0.09498887615354232,0.15631755116982568,0.10605801058026272,0.1197547117520153,0.10277301498542471,0.1532741191692637,0.14800079606859662,0.15515615547195957,0.13489786392500236,0.10942241121696543,0.13246115916029197,0.2397819543399479,0.3625729036236891,0.23109499193268318,0.24935983650019103,0.4022406296087136,0.47109946199847746,0.9658559550603585,0.8965762469405881,0.293962350248244,0.22242858188557327,0.17844139719589844,0.15010794743483738,0.08242967434205933,0.06835429143175083,0.04381453973057446,0.05761606094821178,0.04643661591791701,0.06598179138361557,0.06818237120221773,0.05058857221779391,0.07897588599921378,0.08035226094189807,0.057537512077613706,0.05509105991492757,0.07602856341368569,0.11662168713828265,0.08712476122152622,0.12037534546915381,0.09513434702044328,0.18138845997716188,0.14932849235417164,0.2277582380740457,0.4864132616374756,0.6015440949186087,0.7655847249550292,0.8201918210619437,0.8771577794645915,0.38877774309252544,0.09369336797803972,0.010397968993691158,0.009828025993855277,0.009019775163131195,0.008346595667124347,0.008583587633717006,0.007453395573815599,0.007002077957775384,0.0077734808111115505,0.006595297479543546,0.00662162128321223,0.007226203190950587,0.006011138892140845,0.006442318319735961,0.006914788407358322,0.005365404040164359,0.006507231784947068,0.0060963069751953005,0.005328442609728822,0.00605783488728253,0.006023751976213306,0.005047577981849869,0.005982921146000421,0.005589810273869877,0.004865040896763778,0.005875474800967478,0.00520121533421212,0.004971083554665634,0.005712480218919746,0.004707314747098756,0.004947867624294928,0.005506716080134763,0.004748075517932037,0.00469427096831471,0.005329982047493956,0.00444967781794399,0.004724835561414755,0.005045565258896968,0.004449921698540345,0.0047536596909201635,0.00491420971326316,0.004149362333311718,0.0048592765247408715,0.004416650820450525,0.004314987727598333,0.004745998422714868,0.0044622335444068385,0.004036861147984008,0.004576303868016252,0.004409394774072066,0.003968492283967467,0.004548056525146635,0.0041174671150189055,0.0040545275058122355,0.004553270790699686,0.003939440439854141,0.003996482482436854,0.004308998136503309,0.003975061140221954,0.003948300005960626,0.004155112888900204,0.0038800344155209875,0.003941801791328309,0.004020840049909091,0.0039630597383390545,0.0038768319388543314,0.004236848522549519,0.0035839278311402354,0.0038380592424686892,0.0036440984523890803,0.0039279490995692695,0.003646579358243233,0.004124021163670511,0.008528342318354441
Jugo,0.05849064687362336,0.2340636415619266,1.2072219371706145,2.2892027086366173,3.0042848776543942,3.182109261208363,2.6566487265354057,2.3397668861532654,5.5314600226600605,4.02235466495508,3.1135843206447875,2.255809521835887,0.49080404963771096,0.3183055145731752,0.22826648416654577,0.1621759702918715,0.1185871265542967,0.14905560469780524,0.07306971605535366,0.0780347310190897,0.08919044456908096,0.0694316777859936,0.07133825067963717,0.07137473774241568,0.06372336027963357,0.07791298057029028,0.11486810844463263,0.11455068280510841,0.19515683651174195,0.182758166381214,0.22820635424928176,0.17400383996228141,0.18763368314230344,0.12704512356249828,0.13314247356460818,0.09847057117841285,0.14079555400370508,0.21577571387214345,0.5092628554072371,0.36938032118496256,0.26951190935455904,0.43352048444343516,0.3461060594625069,0.7873348751384482,0.9535193832610815,1.156835579251061,0.6829548629955475,0.28596936001221573,0.16695327757497422,0.08918439484386102,0.04490004760343229,0.028659000969083692,0.02356300495023065,0.03337860394434457,0.02741245586509517,0.13698700989673807,0.21089683737710518,0.12837705801791885,0.12102192327020901,0.08554192880694099,0.07087410181222681,0.05516126077619553,0.06110920576126712,0.03575658150263471,0.059564570087753364,0.13099800334073808,0.17847836293280334,0.12404426278164239,0.11144194808871302,0.13994762297274668,0.7349955830581992,0.9458382699657891,0.7565193969432802,0.9448911885597571,0.6548438331871553,0.3878261517770274,0.08270752804984108,0.010295896007782624,0.008860654670590948,0.009115996570878766,0.007985527110650257,0.007325444749999651,0.007981781956947891,0.006267368149609923,0.006757049205990557,0.0063928942754689685,0.005432624869250891,0.006254244946977501,0.005538971795534202,0.00478888773751044,0.005933087044562078,0.00444695948327988,0.005704552396225335,0.005089067073657092,0.004601123745555193,0.005529429928713688,0.004279965494036507,0.0056498324572978485,0.004536896157418089,0.004123862339681398,0.005265927351290845,0.004299276392796871,0.005681607725671001,0.004575580202346727,0.004141680235595506,0.004711074433042061,0.00413558701560386,0.005053051134128798,0.00452209643630175,0.004126570211862924,0.004559143306609196,0.004339229843348219,0.004721926371542217,0.004406686045787653,0.004143969215626632,0.004214966808854862,0.004119358278486201,0.0045450605276468785,0.004125094456545424,0.004389248104722763,0.00404858476019674,0.004406032248137272,0.0044284941435125185,0.004169744799690933,0.00419780178540664,0.003970300787943282,0.00445828694810372,0.0041945746462181705,0.004152612811956985,0.004117538893524553,0.004114224510333254,0.004130487040591433,0.004016772025993183,0.0045162498252702375,0.004578188729417909,0.004087806059400269,0.004134664352357764,0.0038880473515974993,0.0039114411252114045,0.004280029676406698,0.004037461748441406,0.004137284984521514,0.003933107067709233,0.003781188151403565,0.004099470649989217,0.0039040045989883606,0.0041383060592678645,0.004484294770402333,0.004398456363852662,0.011075866973369885
Jugo,0.07054054814309368,0.2625741974189712,1.4494602820305913,2.347262719237764,2.6146048135369506,3.890999337125299,2.1858660899501543,2.495509035861988,4.37829906811084,4.846420537548747,1.9907257527095912,1.3185197731888025,0.6831254342193783,0.25869871535493827,0.28243673450967227,0.15759607709580883,0.143550615775433,0.12595899934118726,0.09614493497628747,0.08101107130073454,0.06632065014243792,0.06200658371561988,0.06750645853634442,0.07055944449098484,0.08103318199760576,0.10091985158309714,0.11466451461892618,0.14186242007429162,0.14444219832499972,0.10571956938327873,0.16320613428333933,0.14745279310147336,0.138961128587402,0.11421584864840056,0.09000628653728776,0.0654162812489766,0.06016438961640898,0.0827285088872728,0.1217799579879905,0.2060607872428016,0.18488958135231567,0.19460413351203706,0.2529558519564105,0.30987061799706983,0.45496574748158347,0.5880821832478952,0.16778285681635693,0.051735951735127045,0.028176421129936517,0.01742134727671494,0.021177166050001042,0.014280714854275452,0.01791891853781038,0.01863925574491497,0.0155170083002159,0.018724899079499254,0.04575074873891132,0.05551682801257084,0.0674716861709376,0.08070396747356057,0.05397064164028631,0.05502328585271343,0.046263028102768194,0.04548942007005697,0.04869958222735363,0.10086540570477247,0.09028505339960403,0.12330051361159092,0.13024985438086098,0.10976703551647302,0.07458153587138118,0.1143645869019982,0.2033372194261517,0.17529822091311964,0.13449951680037844,0.08503008110599566,0.03252170086116375,0.007324423191008125,0.007058719311881799,0.006975598472155322,0.006849333871376176,0.006699400115838365,0.006661993052324195,0.0066024607586898125,0.006596593533805234,0.006480140376158983,0.006303841240020708,0.00605546880380119,0.006361675693717586,0.005917606112106818,0.00605615490180148,0.005912063267137746,0.005961791009880318,0.005623572320263401,0.005812641805646781,0.00566406696703254,0.0057104214130482625,0.005650971293589646,0.005667840528349932,0.005366846446731789,0.005582141600114312,0.005485008008689123,0.00531955009153362,0.0052218056603620475,0.005274551303865519,0.005113188179765729,0.005177499501498801,0.005234399067290315,0.005046330498809966,0.005182893933397386,0.004922880748168813,0.005016348448765346,0.004882453328569708,0.004909129308692342,0.0048149729170654226,0.0049125441619632055,0.0047327750465469475,0.004783942575825265,0.0046948153425638555,0.0046867247069165355,0.004627456663997453,0.004521650444024173,0.004897895653797312,0.00468347028778072,0.004668456135764786,0.0044767971802246054,0.0044591901737285064,0.004455399739789218,0.004310481128076901,0.004828370760495961,0.004343834010610604,0.004351081473649615,0.0041801146806658696,0.004247646403970922,0.004486806574555713,0.004331428014309884,0.004257004246221982,0.004475688664122365,0.004159864933519958,0.004284569967107014,0.004278606842491091,0.004060973014839884,0.00403189488660498,0.0041553051323156365,0.004238428619859764,0.0038294120522426823,0.004498306705058254,0.00387771600995054,0.005195955692737254,0.006724764445271542
Jugo,0.4841188624679866,1.3798617826245572,2.9426641115185554,3.9850201064954707,2.0188784202140786,1.1993863831689076,1.3131858459974477,1.505303459036081,0.6200868855645472,0.17068992577625158,0.07315322864160498,0.05645790025445714,0.05654629591713424,0.043847767932832,0.04645794502889364,0.03259997361918207,0.03117857755801109,0.028542503849819212,0.029491923508221187,0.020394298482878485,0.02676914623269349,0.03171681359430918,0.03926018620869836,0.04462717921110339,0.039190179978378224,0.02721626054651379,0.02417560942111675,0.018940780232237282,0.036557028178627965,0.03695800479298805,0.04374082206836958,0.06772229923375217,0.07136465313652733,0.07869705719066002,0.11277095037482057,0.10036376537092101,0.09386665096369387,0.14417855643469207,0.16304320710625855,0.19909725821129165,0.20932357382865985,0.19761411267436702,0.15589110386131755,0.11119385944719098,0.0811271199739699,0.06091037469480909,0.04250510165824457,0.02987345867076807,0.024133150967445817,0.03503849851382596,0.03365769678377578,0.03588439500416564,0.0514521402584523,0.07663746285663245,0.07963313770185128,0.09025577045043462,0.11040747793244894,0.1534183541744753,0.15802283417545895,0.18020876902356356,0.2997019517227921,0.5367939230309579,0.6906265524251699,0.5070788926508949,0.3455475698122644,0.2266200824467159,0.35038512743631467,0.3360897170363152,0.2577217870284877,0.18640573956244616,0.12823289557631706,0.15795625364524998,0.15900358118178676,0.22828279586377723,0.3117109218367492,0.40030576286273334,0.45693434227399177,0.38950349938678785,0.3355080103386663,0.28209530558817814,0.2586415074894439,0.2231906138010454,0.21266475848544783,0.15636474464636538,0.08689969541226183,0.06847024573364645,0.058633235658925184,0.07804069006539982,0.09602675294723366,0.135173897504589,0.19419089934111036,0.31343996525292833,0.30546550678807366,0.17454243847351386,0.09616673188918462,0.06784179661692812,0.041594037739117504,0.037081659700718285,0.03489860888965517,0.023935353709538965,0.0442676990234413,0.051646654550524695,0.055909818089179504,0.10799014669201971,0.12451005279930129,0.23739653481889061,0.33238884567835225,0.3646032536487955,0.38442734940273643,0.30590661210474257,0.17613762848301479,0.09420922714042018,0.08060357477800137,0.06842352292719008,0.07760803939321578,0.11426213113872866,0.14029793516827574,0.13243659765628582,0.10007304288614322,0.06277944159702802,0.0697412981626371,0.06345977091997211,0.045778280754585995,0.06009330945688758,0.11113521029863471,0.11714042284768467,0.10524371607048982,0.07819431962963039,0.0653498804468584,0.06177050830168246,0.07627068410242804,0.1194237624462505,0.12599207957157055,0.08663896936848736,0.0613658754467329,0.06788309241584295,0.08003946034632001,0.09326096044170742,0.07559346285161674,0.041919663090852544,0.04163989783307436,0.07666286216372453,0.08755961389116768,0.04824020808543174,0.06398524742391597,0.08016373385334734,0.07519057269688803,0.04981207422911037,0.07096529821718203,0.07529618973112476
Jugo,0.6654979719749332,1.1928856807043018,2.34979582381718,3.3345018818635435,2.417597451832166,1.3937464842031093,1.2629169763706012,1.57620785794159,0.9341971725489523,0.5259542732817821,0.3080172561847444,0.2860284142542608,0.21686959066747252,0.10503311360513236,0.09467087297908358,0.09465095021712193,0.06404405510140397,0.09118474070338595,0.07153494342567418,0.06575729511076608,0.06495961082593389,0.07202269144406725,0.07089803620094218,0.11805199815999196,0.07873602321592613,0.05106375262465998,0.0597330850132641,0.057529011576604075,0.06915792272746421,0.0980743441067125,0.1016381783068903,0.10946422008557871,0.13607302445037706,0.22772011730793468,0.4243198584035528,0.33087337916245607,0.32499943527157765,0.4754543443633952,0.5398328459109987,0.41369730965172324,0.5058628905169892,0.39638933896925477,0.2195751328083382,0.1657852558776186,0.11533263419901593,0.12325762706129738,0.12749783927887534,0.13846330136003923,0.2061718117517476,0.21185200161496484,0.20127065191439886,0.1582942938081522,0.1683728337823464,0.2406040856555701,0.271276178586384,0.2805112930303346,0.20150693023493887,0.18605339510276175,0.14227199900510182,0.1607480187226626,0.1740009409756112,0.2833927422985809,0.3388790529445506,0.28062434429475525,0.2481703221077165,0.4192377949422829,0.33927162398395433,0.49257061996750406,0.5265859819640655,0.5279027061497857,0.6288607353781767,0.728488596772515,0.6443122126109019,0.7097632699538907,1.0282094244783082,1.4398723047423312,1.003452372049693,0.8001873860359471,0.8943970372348096,0.6783868497878672,0.758807344364596,0.6995653191204724,0.5980566915426617,0.3058340393497796,0.3639708395397093,0.44546490821829193,0.48322885587736086,0.7226114107287799,0.7109598761860079,0.37705272124883626,0.45270055132756326,0.5596735340956692,0.5440702175495505,0.47247308533397914,0.4535369132714204,0.4330867833663433,0.5066904059834759,0.40389052200398323,0.3989027620521177,0.46618618470535117,0.4387466356974643,0.3096504453693562,0.1774394316949391,0.29182202414137975,0.2944562218410293,0.3751244975143838,0.41831002838334264,0.3876977153844404,0.36044990272626165,0.3191844856860716,0.32271169495903507,0.24921710477384595,0.27358898638103446,0.20256661794288708,0.25495004215027994,0.2890462475755473,0.18923965226746464,0.2138913943149101,0.3738506605111422,0.44238092248972993,0.38973769271272996,0.36177611822509675,0.5364202943007976,0.3272903016725982,0.2733014672996598,0.23032457805382014,0.22946334496997964,0.17296114264662016,0.14884755652148274,0.13589770658517583,0.11331754347382159,0.14346984448581268,0.14267452246391304,0.17695094197733086,0.14947688404201093,0.0957387546550122,0.07816773341560637,0.0972499263781822,0.08449982067338689,0.07208906727099014,0.059119796364325,0.049718066738505706,0.04766529570584299,0.08474627532080632,0.0793275824284881,0.07121678533553433,0.0646385319737335,0.057035918416590635,0.04757907614412214,0.049958288168764214
Jugo,0.37030891658658804,0.907804027602345,3.1710307339630663,3.8497748747997464,2.368294820079402,1.2155079231686061,0.9475907094775979,0.7296204143708329,0.20274771136802283,0.10173716580616386,0.05502187868379774,0.05827326716936222,0.04274741419724648,0.04570316779833515,0.040690900233696606,0.03238279597723739,0.03402639634574125,0.03152573184118446,0.031192847935657943,0.028492657358716564,0.029470331481323504,0.0380000415039958,0.06995412095496994,0.08924730179462326,0.03928945251007489,0.023740841373513222,0.027479246577807575,0.027514667425369916,0.040228633630690604,0.03944043130811537,0.053948578918464836,0.06180230050920551,0.11410967379239767,0.1290763962256331,0.10638816191597186,0.08711080675541041,0.13672517184723454,0.2381924454022709,0.3139462991469352,0.3164496229529979,0.23588363946345475,0.2181459048411372,0.16954974877225126,0.08646346083830252,0.0363404432488139,0.0339030476037403,0.02169823620169664,0.01910437725981906,0.013731966110821012,0.012226760736107291,0.01414421361590247,0.01577827457061564,0.022313776771810716,0.051722699209525304,0.12752964468994743,0.2659922028436801,0.2507662370453419,0.20210847186606778,0.27722353538105204,0.3852898721049628,0.29328414362622857,0.3993264659854551,0.5635629614989836,0.5125125882339067,0.276953762910513,0.27038950040717663,0.23791961244246745,0.168822453449739,0.13539466394233718,0.13201707369560697,0.17711707230601428,0.18397015468069106,0.28493936101714246,0.42203340643559767,0.47480829214297215,0.41606547646917647,0.25413316904542393,0.3046908027752656,0.3036532820304364,0.2508981413843854,0.13858713165474912,0.10741916140724203,0.13406126209097818,0.09022400447058643,0.049740792656827834,0.04341942722560324,0.032235515916825636,0.02098597147731256,0.02357050978888548,0.06861904729356873,0.12154540083080717,0.1337019303755409,0.17802547169436092,0.19739757543418834,0.10807619035123757,0.08988656490927363,0.041460145263383104,0.02827323880753585,0.023079570752880984,0.021544233939725342,0.020879082740809164,0.016752859946460197,0.022902251251788203,0.021187756896962624,0.05984745261909377,0.08725631488575497,0.08976703879303694,0.10759652925015081,0.10912906520182944,0.06927003691882355,0.06650237137043322,0.046961307107922214,0.0325505044714817,0.03200277511512013,0.030698933652765,0.04529930785775031,0.05001918605492282,0.0648876116492347,0.09410382103361663,0.09987973372618197,0.1075976134008637,0.06910984933356451,0.04278857843617085,0.04092200391327637,0.06476231824753298,0.07711608570681927,0.07133505954686548,0.07714202821154709,0.05553057151719601,0.041061512826816776,0.037752080954549,0.022855206950818815,0.03233029111412536,0.04392624237246642,0.03442794312543975,0.026236120097005215,0.023740375011054676,0.02837966107258993,0.02220425447428881,0.027704756825833753,0.027094957034126635,0.04398640623290251,0.053130698999465494,0.04105795143883854,0.042791339114234904,0.04670259307776686,0.03714734191865383,0.02507087155112047,0.022553006794953853,0.026204227640885022
Jugo,0.3179757585330533,1.4383537388854555,2.4305272754891654,3.717928412228785,2.607711994405525,1.4699789098376344,1.0329781961635387,1.4708103046311631,0.7356532203870475,0.18234262193933914,0.12942177824642748,0.10701742447227187,0.0724551967371137,0.0528919809126074,0.03937561238953704,0.03565138037010474,0.02575668250727206,0.025998085096895895,0.026728693917511467,0.03285747071856194,0.02373343714723844,0.03543191327904865,0.05099641587866947,0.07825350269399399,0.0507170408329502,0.028309550032383286,0.02435955187210154,0.020574533640759222,0.03183651970242206,0.038673518402963514,0.05949750176898119,0.09485081530207481,0.12080694622408979,0.13799703377725053,0.12964209975492152,0.17127650859086627,0.30386278352746415,0.30651404915834446,0.24133440879760387,0.16327585740605743,0.14587630805082938,0.2259006131226594,0.16476609244755636,0.07087355243775173,0.054084791350396816,0.03665458015715658,0.0358812503220204,0.04223492297380396,0.06006860028403833,0.0628969111024696,0.08528502827956314,0.11522286506532958,0.17893607512336182,0.21305191094425838,0.268271904681866,0.22369522427347277,0.19148427756901293,0.2335761381972944,0.29910828815805934,0.3274512242803597,0.7153333641188183,0.7130313045220241,0.9750931374826518,1.0658316694632797,0.7330052510074123,0.6349524688686845,0.711744069601018,0.4332266610551556,0.428815207379286,0.348985663528151,0.437507289881688,0.5559752885121417,0.5613762229122806,0.5802709706276874,0.6531312428358479,0.5703548338364461,0.6336342293304977,0.8094844369455656,0.8479860258760314,0.9011385471009907,0.6882635142747964,0.37314693190397974,0.1809957565445337,0.10805211227904249,0.06617435891460285,0.07251617626775475,0.05934793595064502,0.0705397718137726,0.11987987700259342,0.16340683717742518,0.21557043710802898,0.2218096459277597,0.14618872362823782,0.10181631382408032,0.08174601312552503,0.07086270143275226,0.044774183571954965,0.03339283048308919,0.03625900872665452,0.030401236698908304,0.028137037911338092,0.02587314126106819,0.06379065457292929,0.10971408982099397,0.1421909592581848,0.13083350981660588,0.17270087160254433,0.2768802341434226,0.24825901667206612,0.18971877016632122,0.12544013604374574,0.08957664666303075,0.06880412164529942,0.0683062753017983,0.11986376076995267,0.11598289736157183,0.13766550856372115,0.17027031479624463,0.15618602978002555,0.12596868413541223,0.12106236141204886,0.10450386001868663,0.10654058113418692,0.11341536936495926,0.09455489043064232,0.10168371078291148,0.07650639062076067,0.06427366193693539,0.040283480409524355,0.023644154950708582,0.025061150885511398,0.025813173466892214,0.024267214156601383,0.03025271440383711,0.024246911543111673,0.029543884973977818,0.02885369364763963,0.028289746968098134,0.029434407796750904,0.054819569077996955,0.08761575874889264,0.14339042285670506,0.17380297323826216,0.17759241769827533,0.18332049702454128,0.14300757477695716,0.07779200506547951,0.06232406380757119,0.06538699968237029,0.07035901166899662
Jugo,0.6517414671991033,1.3378430256794167,2.801005202530937,3.450218798014458,2.6473475342074293,1.5246845635803101,1.098687186757899,1.0208603579279754,0.6927437099313545,0.30661120568902855,0.11478126301616384,0.15300912306617317,0.15232100280443073,0.16597732346743926,0.11204252127095672,0.12098191252311055,0.10567479103374215,0.09497839098720684,0.09220817583492975,0.12112733317161421,0.0862022696366541,0.06687780299755734,0.06485381942152635,0.11431770568998878,0.09114644249925409,0.08007095329738148,0.06089417528888016,0.06511834089048482,0.08942997847163832,0.10089939485095023,0.1302097174439502,0.148410436075595,0.12922142471645717,0.22307714163203277,0.3016446982547851,0.26559228068019924,0.34704856649167326,0.5266913579956194,0.8430637704463348,0.9699623137357165,0.5764198506294061,0.34047993819837463,0.22019125289932764,0.1547945229219173,0.15295447200255383,0.1500998762012901,0.1310647060772079,0.12237934321953337,0.18558323909380614,0.18606868283133415,0.14106712451395137,0.19150276284742757,0.18959792272589396,0.2229219391483147,0.30005457811756897,0.23178228441223653,0.22939393430310356,0.16967627964700435,0.14549610678048883,0.17575567807848447,0.21889026518730947,0.33603122662358914,0.3110832165858016,0.290966684446391,0.2173412670871623,0.27256164919967263,0.2927505485496278,0.859850418150042,0.9463602183378901,0.5522516821067657,0.383281226673268,0.6649934381355534,0.6690761607964094,0.5662859368540679,0.5401072061337416,1.0536261432328689,1.5617716911265362,1.0350204945710122,0.8402946038969417,0.5909751750873182,0.6443671609405109,0.4576214957716196,0.45246035122946826,0.2926376649553652,0.3024780716777922,0.2979849290604633,0.17303603015758312,0.23238272841416122,0.23658999529103528,0.18324277893612126,0.1517899490672296,0.39084715647019524,0.5387173838071342,0.5432796339691752,0.33897654687447404,0.3397716966361029,0.26277819251815543,0.1531006027004881,0.2954426014459109,0.1947666287274956,0.14190657637212573,0.1781978377472437,0.21067088394535735,0.2824920100943138,0.402006814904383,0.38988926460566053,0.33616099110620334,0.29819314299999783,0.25522578278965946,0.2780943022909107,0.33799460933924064,0.18223829863858015,0.24377034094887254,0.25332034125098457,0.2024381709742495,0.13583322495588232,0.1310491590472958,0.1432375116459322,0.1782287392847094,0.22031668009257846,0.22575732928848585,0.13733575133592368,0.12636264303497427,0.08843124708746146,0.1617323707260389,0.1523059208277043,0.16716424470911875,0.10082947421416535,0.09316995938926859,0.07975658150361693,0.07493887369438808,0.08954898477430698,0.10028130476883916,0.12021898311576198,0.07690937114490284,0.06395854205676393,0.07815447804548405,0.058083243073577415,0.07624877827673465,0.11095333766009645,0.07356451460901067,0.08118255855390748,0.07954018570862686,0.09337628086615096,0.06902899491488117,0.050724280550592034,0.06399757902116007,0.06691378706982201,0.05074750483322191,0.03733014327323456
Jugo,0.49005400007483024,1.3875000908647384,3.1604798679082204,3.621717393052493,2.270895458788742,1.562823223553218,1.484170507215137,1.9361273640503132,0.9744001310724999,0.24402559929413514,0.12972425018359898,0.211486256899612,0.1616504229186009,0.06451223961638596,0.06673829995969349,0.1047528609103102,0.07988135790457113,0.040089519939120966,0.0808160953566647,0.08516584915927924,0.030311140827578978,0.056370282853311623,0.0909057082035285,0.0592122764569205,0.04804094315510041,0.06860854392869052,0.0804864648406431,0.036608535533778346,0.042639074170039926,0.06440083994730963,0.06549005359395327,0.08418302584449346,0.10636091808809887,0.22394740255608667,0.23242358399266055,0.17684158163973157,0.25904548429508123,0.3154451349013223,0.3401540290492767,0.4713534132175451,0.2964850083749607,0.12674514965063066,0.10248923172293746,0.08525946641059215,0.09833970194893654,0.07419808632853928,0.12605370173542274,0.0846356089471935,0.15470092824683557,0.21926516042285454,0.19195710710292876,0.13203897794360958,0.09624066314588343,0.09112590560609435,0.0842090681063802,0.08195677353649862,0.09049434449337862,0.10965000889245426,0.11378881751845923,0.19593341283377258,0.25106443280982116,0.28756195659375844,0.24947566224979695,0.2253863943317454,0.199454407535791,0.39579734479880435,0.3948027201809467,0.45263399650364367,0.3414239692343775,0.8386243399752622,0.7302146371465581,0.4838861421822519,0.3026885511378552,0.4778738243520761,0.712168417558892,0.6435106056780959,1.274096587417263,1.1709658478752925,1.1160822948907894,0.7521560462155854,0.6803577843430164,0.7007696416317999,0.5253857411171075,0.38021331120211077,0.2791773483034901,0.15357795464492016,0.10341925527868362,0.1549009893520157,0.10300858040575826,0.21971973268524755,0.24293193717409373,0.2696453247541564,0.25236564801267025,0.34108406570866767,0.29098678268658035,0.37507986782460623,0.2266370569199531,0.43261334499126264,0.37691869696091007,0.2998123928879968,0.15354724539562126,0.2693746513891949,0.23503535530527864,0.15999241681102233,0.15439843775631393,0.24119568362810956,0.29904111152713175,0.35715779929199937,0.2931564667424903,0.22397627541341142,0.22493329930180067,0.18590155700801977,0.18066099129050853,0.15215641202041671,0.10102542057801829,0.12301673907158778,0.14137108558104222,0.12072001087254505,0.15366723584215664,0.20614863061576985,0.10989535895057312,0.16074134433410422,0.1438651994396937,0.13106510664902607,0.1363455238842848,0.12363089714399522,0.2054417652945728,0.17338951333751243,0.1855473907527867,0.15832818740782062,0.1157273392604265,0.11080626686943404,0.1036652397907031,0.13276989972626302,0.08844585236216693,0.11696393943946112,0.14600892500884005,0.09250408699225307,0.08467478370374884,0.11462978707495283,0.09780628371106326,0.07003439171474568,0.1329499992273263,0.138362450779545,0.08691412763271486,0.06733399151472365,0.07733462216156997,0.05829875561758508,0.0996283092974154,0.08710922568785578
Jugo,0.33365675744785206,1.1648856227773594,2.2658307264109974,3.542863667244842,2.4428961922322334,1.7912905947419366,1.4467651167803661,0.8152154654419215,0.6231793152219561,0.27601260558383495,0.2318106470416673,0.22228565467172529,0.1519221471611806,0.14492911498100194,0.10804885813025816,0.09562308271935421,0.11146943365038657,0.09886914791561241,0.08493985912198165,0.0761789307485938,0.09731695495280977,0.10035129364580253,0.08668332606917702,0.09281120236428386,0.08934085495698456,0.08518554702180142,0.09433248727679344,0.08497791542304048,0.0988559698004789,0.09846721166531251,0.10632426995958305,0.11732504614485793,0.14761059432053616,0.24361190349278614,0.21003440015415326,0.1874834063271209,0.3449610168468001,0.43741502836476,0.5826035051575454,0.8957801063033031,0.8873134434284029,0.7335228092659528,0.28673238311853755,0.18082851565571523,0.13529821341866868,0.10905616010470576,0.094346971221406,0.09845881521946989,0.18281798190242116,0.24371586972722664,0.256821777105654,0.26496541388665557,0.1893050795267502,0.14999580032231172,0.16648051279975742,0.14911397738115492,0.15586813279417205,0.14456462043763535,0.293579096968685,0.3879470352481787,0.33894939016063586,0.4349995472715115,0.7031379255977613,0.8329498729533872,0.8410884859349369,1.421598858671344,1.1011950013072178,0.9075000912075926,0.928431874108175,1.0924353891009315,1.1438723274851097,1.200770215382656,1.1979109763470506,1.294508492955673,1.5280803773181817,1.5649922703151886,1.796256922534548,1.380272332881168,0.9486581589619935,0.9582519495908935,0.7451220087808876,0.7997410173245522,0.8230110474508695,0.5374390946553295,0.35316626680363516,0.27402812014070127,0.34816379438097284,0.36798331730109446,0.5766823580060675,0.63016384970234,0.8534799738290468,0.9157874202775673,1.0907682406294428,0.9520553536194478,0.829129350697741,0.5208429660512202,0.5408476535824738,0.5037969209262786,0.5842386428589261,0.48618535807273894,0.3926007644421069,0.351183820383997,0.25593480821520215,0.2673628373522902,0.22457275410040217,0.3012746705254049,0.33786524394568296,0.3910214830517078,0.5651830679455672,0.5417964968461657,0.4738367739910589,0.55044553609701,0.45140137481488984,0.43655676438432944,0.425193843403505,0.5901384180920448,0.353921671510308,0.3519515434014369,0.5101265854010452,0.5416631185741342,0.4064109397853525,0.26527882723435897,0.19679119982416493,0.35620124913090984,0.3644928673260623,0.3823702080268422,0.3922252002297301,0.3364917839239428,0.3271741503941229,0.27354327541513,0.2528642018368976,0.13587086427279466,0.1484610910006865,0.18143447592765444,0.2183460018154778,0.2399366603933603,0.1975519255799324,0.1289050455827306,0.15296458843509905,0.1047463939796296,0.141822267319374,0.16301588905428394,0.1502869024264238,0.1592115594797971,0.10133183776673,0.1486299344792107,0.19327086105105168,0.19883860000698156,0.18672438768797464,0.1622672511452647
Jugo,0.46279651840063873,1.0876614966658864,2.7374916544011114,3.496596162712793,2.748533808577748,1.6227532863946688,1.3257131229136723,1.2728203874999584,0.6095655126330165,0.20810744932064598,0.10503687100994788,0.12247371700052548,0.10615497704758882,0.0864602693281031,0.07370965907625662,0.04440326833166843,0.043111506724717606,0.06924030285897682,0.08445113452264073,0.08940223524910201,0.08641835272954006,0.06646456921714328,0.05361230178707309,0.09566446648393281,0.11007672801589685,0.07370177201944136,0.08813050651698051,0.09145856402587109,0.10895441514363174,0.12979214980445836,0.13823600331458594,0.1702308898359622,0.21695086316581333,0.2303015627357622,0.22993161434120274,0.17599058344287016,0.30414450122139747,0.40263576909962073,0.5328794017098035,0.6444689150247486,0.26406829093610207,0.20128570880864013,0.22057417568995782,0.16189191868417463,0.1483567242424333,0.10346817977127412,0.0634287221506312,0.05486721085018307,0.06730356764296161,0.08349289265311557,0.08915395544625491,0.08181156305691532,0.06689016338132088,0.04603155966929136,0.06348580663307368,0.09030497050515976,0.08808154326725193,0.11401365413923037,0.15353073296134911,0.1711820938785821,0.2589692083193074,0.4140756062991819,0.33973652165476115,0.4443791821515583,0.6040889050993465,0.5792713796055562,0.3489926669883029,0.2041366535858982,0.28868258532856106,0.29836327207576974,0.15459175669080077,0.206851083303855,0.20344845194515399,0.3046228928242389,0.3267786288106156,0.19417641592944657,0.14679250490270243,0.10718970190524976,0.1275665825861499,0.12031118573693372,0.17365291067788555,0.2477275827613704,0.14795182958077668,0.09847774931998593,0.058952777513707505,0.04880745820987134,0.07028123743196325,0.07887618116587249,0.07477326879104133,0.06827344951824166,0.06022439495566671,0.0954498093987143,0.14776060765493487,0.1547067195042929,0.14702582743561085,0.12373109392474739,0.10905368861120873,0.06431854443673085,0.05681953396211452,0.044413599423808084,0.048545292046447884,0.0746885725628006,0.0965392379981948,0.09893009168683203,0.0864235276685834,0.060777367751942035,0.043413648440042155,0.06027170437893085,0.0654619856525181,0.07935798834682767,0.09177604920807106,0.09076051129183581,0.07134390579987315,0.05723636660876534,0.04413452653531188,0.054315807750969725,0.0645933871372209,0.0747821809672251,0.08324429880821485,0.06475656652752936,0.054348948526332506,0.0353596520301428,0.039306143938707225,0.053481218754338734,0.0700457289966766,0.09172914207072408,0.09155061463186055,0.07416261600120301,0.05716654257150382,0.03985358149405508,0.04313060803853329,0.06451616686042107,0.07415382425975757,0.07693814027530316,0.08356461243740615,0.06673695852000741,0.04169268450609142,0.04056070102752342,0.0490545348119876,0.07013074080152373,0.07577003746508174,0.07275846777573601,0.05595117919270281,0.05325572668264679,0.03967104855809221,0.054710342432241064,0.07414932491491466,0.08820229999127774,0.09805141262982071,0.08424285398849131
Jugo,0.37817942457236997,1.3630737519822707,2.863881372289466,3.8948103430166254,2.364089822944739,1.652558164579896,1.8906405187171778,2.523454751106556,1.101110139046018,0.5761115786785062,0.594364943273865,0.33590637653166017,0.19676699950297827,0.21917887219868099,0.19365097446092916,0.15006532592961044,0.12453433792008113,0.10107558462406199,0.04434094335285127,0.05570257004752304,0.04215905445076303,0.06376806231543775,0.08802686733740916,0.1464070367503358,0.09758124916916712,0.0561987934817666,0.06123667863933467,0.07204099197644806,0.09811489153888435,0.07870651005892998,0.08649233989690182,0.08994528268518416,0.08844046516708473,0.19810305027080125,0.21209043972260308,0.21052584542689848,0.5162990789122478,0.6241860061919957,0.940654063655042,1.0354567721864354,0.4149073589031217,0.26966524138830894,0.3074762498116785,0.21948384948129845,0.1544321842560221,0.09522955620055372,0.18393853344778918,0.12759907375033488,0.14103336755537765,0.17872713081131816,0.1429354841308145,0.16857816042056298,0.24947646562909592,0.24802849156653634,0.2154532635747723,0.1446344210509476,0.21430613165101117,0.17944676107111746,0.1808709290467187,0.16132137248392703,0.26824801245264546,0.4510055320106296,0.5787081925514506,1.0518762490531897,1.1614570329979186,0.724774977271044,0.5128803077243289,0.5609025223748816,0.7305982835578524,0.3866936286308432,0.3631453337726169,0.39411893289431416,0.437350380563978,0.4224790924944769,0.6329375790467565,0.8914298121555677,0.6696324708524006,0.3445308813435892,0.5920938781211803,0.5914903634274948,0.4854845793255558,0.5027649118139377,0.33703149862451515,0.39415403579240593,0.28006253038250184,0.3530729526837607,0.23822405480250708,0.36090799484276725,0.26787232005237954,0.21842434690845958,0.2884953975728106,0.300959225098074,0.35601974694609273,0.29631338685507713,0.339427469612633,0.40002730024905725,0.28679010790582954,0.2657368886554206,0.24865857747207987,0.275927582157077,0.26914556046849886,0.29212787843849986,0.2538688610824229,0.23143707889171924,0.14311679258718596,0.16233104571860923,0.19200683187861942,0.1272911585235963,0.1533776508704635,0.20957525302694663,0.12763966580397812,0.07409614191406107,0.08265175844951402,0.10127293170025356,0.0944139094068781,0.1364785154889377,0.13572673120516035,0.12151165696395713,0.16309040189102886,0.12715633534570428,0.08118059253721131,0.07822611940282266,0.07600774617905025,0.08077926748274841,0.1515038967604661,0.16177941836642426,0.12087566608448644,0.14149917000111326,0.11680716210899092,0.08933739561414093,0.07288371431083217,0.07124850923523778,0.06285403936858737,0.04604288404006517,0.05502122091482729,0.07450234110501758,0.0498454661947339,0.05043418772240507,0.05373850151139559,0.03853839271935776,0.08419204636276413,0.07454102101570255,0.08263355046818201,0.07210281089366456,0.097830614050478,0.07561605226995295,0.060422990789130285,0.05135664202517509,0.05335820325849637,0.0626671444728146
Jugo,1.0389193202347173,1.5951988709185767,2.8407275356772526,3.261696521981639,2.703915620814286,1.5982287257702188,0.8291748564698422,0.9157755494998565,0.8555683754248666,0.6082718608896709,0.7796142513667775,0.4632076965607905,0.18233012740367183,0.2362559995987756,0.19009304987222225,0.1547626951638867,0.13089600730063258,0.08167980854280804,0.09405539627732584,0.06854231748034999,0.07520687022419019,0.08905377515168574,0.10750672450375506,0.10350125654540088,0.07293494472708753,0.062093559004453625,0.08893193628012805,0.07658099154052878,0.08407235019719181,0.09597808895448695,0.11041801317881454,0.1310078946516458,0.15346157283914755,0.2353580567843567,0.3889981472850067,0.2885506333008756,0.6300858877116584,1.1271582991303342,1.1883766366286581,0.7269084776919507,0.21958512563550378,0.18227408615414903,0.11012200097128365,0.09866438065960415,0.10852747352018235,0.08022027089451696,0.09537638167372627,0.0872949632649187,0.09933424487283068,0.08133542221761511,0.13297617277395324,0.24561435718003954,0.26162217201076055,0.20940645535487037,0.17142785075599967,0.213719144874736,0.2936618698519604,0.18149772813863063,0.13254561894934833,0.1361381533921797,0.26787538865479454,0.3623343668411027,0.487472172618672,0.5890589641142063,0.5127324744813944,0.5542165186883359,0.47113231499753905,0.48889381761839384,0.5206508717222785,0.6318228229385993,0.43756675273792683,0.5108650101079033,0.5552962257952473,0.4854883245880199,0.40879159692284917,0.5836784886835464,1.045952954908344,0.8288513633187617,0.6582066626374639,0.7284610437278588,0.5505203322480243,0.45790276159138227,0.4320119166205952,0.5293916522928426,0.46913864184373605,0.39203966597353235,0.3533456133363402,0.36871140941032954,0.40143376018316457,0.2614813723172615,0.44148341130657975,0.5218669287744765,0.6935401605459504,0.8594411812156453,0.7995679690361233,0.6365918778135808,0.4534325708385863,0.3442415603696425,0.40014054299366314,0.3791843510989729,0.30813759935718404,0.4209919405545184,0.37475534824777507,0.3290482152769264,0.4340432939887705,0.5589707391568288,0.4723129719008977,0.417143929920219,0.3707841789016519,0.3854021987434587,0.4514272984086527,0.2873865572772646,0.1516822708621178,0.11445884300022593,0.14002015977202809,0.17040507743683414,0.11968540651994254,0.16784454803528853,0.2220278603132977,0.1521255346485446,0.15035611155314252,0.15981294722234513,0.10967971767395937,0.09865303331277153,0.16427208085219028,0.19167790094307102,0.159277169199908,0.2129427842289292,0.30262772861644593,0.25433239723877143,0.16888623558777704,0.11891196315826277,0.1477386429865363,0.08704623722994854,0.07768870498383687,0.06826311072404735,0.07094437257410591,0.09263009535639065,0.0650400257949629,0.05965816931864123,0.06644679029902249,0.09142421936865745,0.08942522626832416,0.09498700596335881,0.09752654468964175,0.0879854911201892,0.08835675958512312,0.10690487334258582,0.10200485226385173,0.09248766651842419
Jugo,0.2342126897665493,1.0533006221062255,1.5572668493622495,1.7332945075608717,2.85890190361511,3.129039447327662,1.9418403580453214,2.539039222212198,3.794362670793513,3.083570704153026,1.2796992396367293,0.6554369418486432,0.45312879893113156,0.3283301029100131,0.28490538402130183,0.1957822361346541,0.1841110155435382,0.155366288198806,0.10442377391375801,0.10695420279728475,0.17457604586438663,0.18575040249422659,0.1961978158644011,0.3994495774449137,0.6086974237576612,0.5536838901846013,0.46913765626303716,0.308057207617355,0.18598680714793134,0.18333962017883038,0.22487655064680798,0.32742739820171035,0.49137118146125275,0.5307696202289715,0.4456581877733473,0.2088881845898566,0.24550364015958814,0.7779426918246719,1.3671973055521487,1.043628824550186,0.34554668663247934,0.412166381926512,0.32880500158431686,0.2453982225957893,0.3966797577102124,0.26918218320471154,0.21297900454142796,0.10708668401836988,0.12206601384330773,0.13079517133854757,0.16714669528154946,0.23653464345332584,0.3054464496129248,0.3481547972880341,0.8683972664197572,1.6090975938538945,1.8506080509309282,1.3943817544572457,1.1146708158932568,1.1860018408911968,0.8819424349366709,0.8359197166581483,0.6896216922852215,0.5971399653819018,0.6534049077611274,0.8989762293818185,0.8585640765430959,0.6198609608557341,0.37403193155982306,0.42415345883400357,0.35604896297839034,0.4125815650084633,0.39533896677414115,0.47740807998060425,0.3748232115455255,0.2405615148992919,0.07144960195629514,0.05577654964533311,0.0537585801846506,0.05461879892306509,0.05540703172859248,0.053998773987384785,0.052899942200133,0.05346054808847982,0.05323111340576075,0.05161043470612138,0.050796000914783715,0.05074241403450568,0.0498295643266707,0.04874339000269856,0.047994698800820614,0.04784852794280221,0.047632511402967176,0.04724530934816292,0.047507286561389736,0.04759572448031821,0.04715960723331107,0.04713715268685178,0.046812293483923136,0.04629636370687129,0.04639686703512339,0.046620329185682485,0.04657497261563503,0.04634989006820041,0.04680507524953003,0.046750257493522615,0.04670427083464944,0.04661722031142965,0.046613454773190885,0.04652838168880611,0.046498460973559405,0.04645605985421354,0.0458491843320589,0.04577703810421549,0.0461834417015016,0.04614435567885379,0.04609134225733682,0.046320006723077164,0.04650790197300901,0.04631985620953172,0.04646076487153274,0.04642402687470753,0.04605633369495028,0.046550799972119875,0.0462605341142059,0.045851136298777094,0.045810825563354564,0.04594404431389226,0.04579020515814286,0.045860341354693246,0.04626492563914663,0.04617685172322096,0.04628536420379018,0.04670551816305574,0.046292376639901336,0.04628224016122996,0.04634709157795468,0.046191403457733725,0.04595626017065299,0.046081646061226805,0.046071420237657805,0.04599303027562391,0.04614595244572031,0.04671088928934423,0.04753066252135029,0.04793069502010499,0.048053960683866415,0.04827426223429146,0.048122136095646355,0.049330088407349613
Jugo,0.38088302489953596,0.5669426620571605,1.4325960391286368,4.378559305533832,3.0735839590402767,2.816545266520933,1.4187400402129287,2.1565189380777974,3.1023238630152132,2.161245138614484,0.777675424348018,0.3518757707737049,0.22153619217943937,0.18153586972389485,0.17016657556649945,0.1359323819809504,0.05197085739030221,0.0499729437770668,0.040660073655004125,0.04635704249407496,0.0659152263941227,0.09848223431691615,0.11370245297639626,0.11652209301727268,0.21272210175848189,0.569248054557777,0.5973851446102758,0.42494605970825655,0.33689193048581384,0.2802585800050199,0.2221863654810531,0.2079340030720092,0.23054005048666473,0.26550271826355193,0.4103219064373135,0.6516346142880023,0.8054808159687568,1.1844734180957373,1.5933273267663368,1.6626943507838612,1.1797673305066434,0.6450912266903492,0.2579117280452925,0.12895247627900633,0.08403408954261753,0.16029332124330606,0.086243401787191,0.02445628396925365,0.015189366500377331,0.016650966883563857,0.018154713037226187,0.02773404583528411,0.05536141603157958,0.099882708430309,0.11546161555771126,0.19689114701622307,0.43618809563207733,0.9795000802857236,1.0100676734095393,1.0263741172760332,0.556961848746352,0.3441498409406797,0.28860604400052947,0.2698626667786686,0.24452778336181732,0.1776613101151503,0.1968410907749592,0.23026970546559414,0.30747322230774177,0.3363109663698952,0.19442690908935575,0.247746569842625,0.2412289051582788,0.18618139312753892,0.1247716002542407,0.03937379578274621,0.013550692075111047,0.006685066139342876,0.006658276249069888,0.005982750172318715,0.00593770739177609,0.006459582397504989,0.0058630264571207244,0.0054641339894783165,0.006008437166208571,0.005312522888962468,0.0050881623088950565,0.005549498549058424,0.005801710566275692,0.004938911574349162,0.005174436854535372,0.0047162310518603446,0.00541189912187567,0.005512584492980143,0.0049607364413825576,0.004841152032417151,0.004683481961713359,0.004489405963576443,0.00420376363249945,0.005652994791298443,0.004291823651217197,0.004046877816073147,0.004975738439207682,0.004675871613390224,0.004215133472420063,0.005173811747837025,0.004202640125347912,0.004127125435392539,0.004400681589134679,0.0037440067917803676,0.0042620574083029345,0.0051040297154744795,0.0037443086046745717,0.003674360450987627,0.004363512412038751,0.004335407635822673,0.00393428255615903,0.004356491187933369,0.0035192089987795758,0.004443737595072298,0.003914321474966689,0.0035363036064728626,0.0038701184100604948,0.004502413006092845,0.003763488805946834,0.003204290976300365,0.004451301013975579,0.0031996992329086415,0.003914801936413102,0.0041741765030131805,0.004786602075830944,0.003540724532450005,0.0033864159852701903,0.0032116003328904945,0.004710626228281717,0.003685151461992921,0.0031546609741510525,0.0037053175563450075,0.0034994929227617363,0.0032070982055931534,0.00391517532605225,0.004224739061759046,0.0026867370769174037,0.003186214074562938,0.003249874013619476,0.0038150380879018626,0.003991636479413248,0.0030147127471889515,0.003171877281091027,0.003461677565715769
Jugo,0.3229301257685446,1.0498406674762286,2.4422945335942132,4.170176723135149,2.704647555513736,1.8710375522365834,1.4029520296336582,2.2260923500361662,2.354692766016519,1.5577274391007383,1.0022535491741273,0.44302043506137306,0.15630728460810117,0.06171566210382005,0.05504696903401446,0.03304341666620324,0.05541451830144156,0.04534141910446942,0.050085722604201265,0.04372081432045803,0.07132234681436755,0.0734436124145606,0.08650498900492856,0.17498263224615335,0.2994269225711096,0.3992473083862418,0.277319264620875,0.13935705795713368,0.08930523837714285,0.06488648646630167,0.0877629502165433,0.10228765580221495,0.13907356389860354,0.2721258582428339,0.33843438736404874,0.30277109496709054,0.26849244755926854,0.2594404676290073,0.33927299893627827,0.6901844465366007,0.44199952073683846,0.1382673075138131,0.036804899088026304,0.03167118611206845,0.04147050397489298,0.1453213325098712,0.15949979200612266,0.08777237866572993,0.09092228162672651,0.10698498537108975,0.07477294660363151,0.05953395844454476,0.06801596606524543,0.08295577761760312,0.10374119185309694,0.15795529847572948,0.35209954805230576,0.43730781879099156,0.26844593031729613,0.17293549788373092,0.15734376579069492,0.1693833260614604,0.25221028812068763,0.3303457868309598,0.4492228831256667,0.43539385888886395,0.46041330876536835,0.5655860343385353,0.3389491022728661,0.2767389287857941,0.15532442863297347,0.12319215416339888,0.18510971228673867,0.29338683377782604,0.23802618576461354,0.10303359397576714,0.02488978319972312,0.006372167305405582,0.005619362429894975,0.004072529117523976,0.005011790283141678,0.005541116864818936,0.0031227824947941763,0.0038619213078361758,0.00519115964036998,0.0033544815327734715,0.003151741398698031,0.004874921317529896,0.003212616167658884,0.0029864943985478377,0.004115831111790264,0.003726432443018558,0.0028673970923455312,0.004021257222457888,0.003792589465074392,0.0028182448745076444,0.0035197955460472908,0.004117605593594814,0.0026129234015915964,0.0031388800609285328,0.004102209879177541,0.002646876446434411,0.0026721381100851534,0.004061536062160449,0.002479222058813748,0.002546937561353934,0.003849190191200576,0.002799554759670434,0.002369157265592485,0.0034720677883790557,0.0030138789625603203,0.002289308475112727,0.0032221629459204355,0.003200569234054987,0.0023924427851581445,0.0029219616400977424,0.003207440857088639,0.002336498233639306,0.0023913543608723524,0.003525862080094786,0.002033963653624763,0.0022501155160078988,0.0030930889918929887,0.002284310879350405,0.0021262161458819612,0.0028172188228185735,0.002302898169709928,0.0022653342040869187,0.003098769784433361,0.002576074249831751,0.002092950352248696,0.002428156459233015,0.0029919001859864845,0.0018900376127917288,0.0024712002305008886,0.0035000642148613876,0.0019909137665981543,0.0022280202987985075,0.0031760602261371954,0.0020575723487211914,0.001964722434579921,0.003096900872160261,0.0019560110473754617,0.001887186697306654,0.0029088492593322204,0.002105822616323736,0.0018849913330908404,0.0024663061455113527,0.002897270040335349,0.002572804201705469
Jugo,0.3042734779960251,1.290914729587499,2.104108947452679,4.534093143598376,3.8990839052148267,2.0482008277365122,1.1134997465342487,1.553558356861485,2.1928716665906345,1.5809143006372453,0.5076471542623587,0.33517119725801875,0.2190238831879641,0.1254999427141152,0.14798191406240954,0.08920623972958341,0.07581195008291312,0.09523057269156504,0.07696003109151522,0.0723181723015667,0.06880707254813856,0.059182586937761156,0.0922563275851904,0.061620040110836535,0.08648135306103277,0.1763936655398507,0.29055263540000376,0.40878317255570984,0.2322119894746913,0.1306848394137622,0.1167184644275051,0.11665873893407741,0.1551577929633365,0.17100854868372706,0.28871911410130646,0.41841691600007036,0.49581122948804257,0.7259713578323337,1.3599908910095437,1.927583948537927,1.5775678255923042,0.7258693560223145,0.29766394496071064,0.13628269938283477,0.08584054474956589,0.09193824368582545,0.20868090508969506,0.18785289264224864,0.14068095759108742,0.13284852072788833,0.11802865437678967,0.11325071628585251,0.09697300084926398,0.11983614236040194,0.17117113633781006,0.17167686996120968,0.21331293635518056,0.3607093440463825,0.5546996817373352,0.7165023337664901,0.782610588010511,0.8028074394629512,0.654844250528977,0.4376693757721035,0.2531458505956475,0.22797916037261123,0.18405139782862812,0.16696225482207852,0.2162564841675153,0.33827880924152604,0.3977590570283102,0.36636254574973603,0.3867100595728195,0.564366181657445,0.4852779925111708,0.19543296303716767,0.03030444483921308,0.009635158274234506,0.01180979807388698,0.008825532974356152,0.008305970439556498,0.010843098889105935,0.008678218233250929,0.007680029984905835,0.010528751843176918,0.008946334318061843,0.007773543515655532,0.010303514654784804,0.008658908364136896,0.00686743188285574,0.009503506774432275,0.008055459340227618,0.007061179670232411,0.008388170778717932,0.007838980566997082,0.006928620203517362,0.007920336410905662,0.008034087640625864,0.006138939655554142,0.00791612230430095,0.007787202378855337,0.0063371121304554474,0.007448366825059948,0.007854544272938007,0.005790341951687101,0.007011456033456735,0.007173416973965312,0.00596373126027986,0.005943798417907681,0.007325944624982894,0.005691028216175762,0.005805754268509273,0.007377599713897949,0.005552074922210975,0.005838864599349462,0.007512448858936286,0.005842587915738193,0.005728890131716626,0.006829800493907078,0.005025469049584613,0.005654232478702396,0.0064110404567278186,0.005303438191366807,0.005344566182570207,0.006305996027705971,0.005434041489017827,0.005261118028437111,0.006392992462914847,0.005704447697981883,0.005089159770978246,0.006688227337615069,0.00522604320548767,0.004560837953154153,0.0062553128921983,0.004713817668155615,0.005090330248059468,0.006030804435344446,0.004937254915212262,0.004797305296475719,0.005584666819101551,0.005398722820108401,0.0045644472244481165,0.005592183909486492,0.005352910030456339,0.004790173114308105,0.005438042937190432,0.004654855000788816,0.004635766929751127,0.004714481131107811,0.0048999735777711115
Jugo,0.30089726780273707,1.2855262033943673,1.8288102684015368,0.864458429402905,2.019828019136243,2.170649116020809,1.9836365442890205,3.396523909135466,2.9171990700898984,1.3031711193243471,0.4425663517850173,0.23508606140889543,0.15536885827198774,0.10640599595459482,0.07234320023451776,0.06337930018937961,0.05275296608712207,0.03871900051878385,0.04284428315078567,0.056473647253248084,0.08775624596044435,0.09306700382373877,0.12694013591102943,0.12089965382409049,0.16410541747903745,0.3341652474678756,0.6530414287458035,0.45597237774397376,0.24628933596159353,0.15664088552672328,0.12239514085016219,0.16956209546609682,0.3061069381065915,0.5021151401584613,0.7240845920665522,0.6330676530702106,0.5907180298470244,0.4784639873809067,1.6990483157037242,2.309975252737573,1.3059285880973472,0.5703075707484548,0.26670008963364816,0.12630756992602513,0.05984408486044687,0.055018519756739645,0.026508322731919727,0.02251791709264962,0.020936495698142484,0.021518361340549484,0.05017494841309248,0.1467049689945299,0.25792510100945804,0.38849492097787525,0.45853239898977766,0.706831734474531,0.9016514349019447,1.3125279447955691,1.5179796330357467,0.89963048811219,0.6110885213529988,0.4248884823867902,0.3388232931450238,0.24604118837195396,0.28266322802719773,0.2842436789751979,0.3192506501330515,0.5326333549801705,0.6373865118428667,0.5867528905882976,0.4246667608124025,0.2751244672996303,0.3961676303122733,0.4326343222074291,0.21051896015233493,0.05661940994904363,0.013707941053283589,0.00863957918307396,0.008527531679168157,0.00870213004826959,0.008342934511778595,0.0085109760240547,0.0083481790208759,0.007923390422975409,0.007867293306765697,0.007565864792408559,0.007277251848461437,0.007121193260486403,0.0069516608243055285,0.006904571665563065,0.006721122282743665,0.006835238216195683,0.007238794076201359,0.007079701675592744,0.007236676371101414,0.007146957285240698,0.007393313292419737,0.006970024878106864,0.007069757884684598,0.0067297385473805045,0.006651583419806095,0.0062842489756893,0.0061805747184794126,0.0059232807645698445,0.005695143886382828,0.0059405324577531966,0.005838763626141799,0.005897436408633759,0.0059615206901624,0.00614541813919141,0.006129641644071,0.006047387559859473,0.006042314995402601,0.006111335286004338,0.0058571944452386554,0.0058826308245775345,0.005680266594211941,0.005469204547025102,0.005658954851347752,0.0053312349651095225,0.0053657531982349935,0.005445227876290775,0.005828858164851419,0.005590372398683137,0.00537902967810543,0.005482756335606884,0.005703414573784054,0.005200796593476307,0.005176547486076235,0.005229502667317049,0.005097835973785876,0.004798536902680335,0.005128051407896399,0.004759490506707296,0.005086489102738145,0.004991944529382934,0.005030563423969293,0.005134962548067833,0.005254948122807977,0.00514314592370709,0.005245971371484262,0.005358062453655714,0.005213921595285582,0.005146030681273525,0.004802936520844666,0.004778965210396499,0.004864724081212023,0.004895488399525554,0.004401580458792666,0.004407553133656053
Jugo,0.42123795988942236,1.2510969844495907,1.6537555031482851,1.5316793877421564,2.9136019547409875,3.2400243480142805,1.9204571687086411,2.4792283170713842,3.4495065656504478,2.7267297960050803,0.7650696465279536,0.4558108188949241,0.36619479171220376,0.22301742003477268,0.19573895373672429,0.17141404086312106,0.14336674089494097,0.09432628902423215,0.0767704457062575,0.08052500310570102,0.0817080415236629,0.08318322408125578,0.06967705070129938,0.0913409752692944,0.1690098675000186,0.4482394998120042,0.5648000297057636,0.34995213104939854,0.2866704816854099,0.17630635255688434,0.14525863864856037,0.13897974381777337,0.20527632603085333,0.24371171219053367,0.3470994120285237,0.34270625950575195,0.5432805159916003,0.9568435314791535,1.2782082342689394,1.3596814018170746,0.5759416490049,0.5816397520473201,0.5618319654734463,0.2946342450332141,0.43881359239747864,0.47123925378425036,0.2676269361173008,0.14482239263508537,0.15656206345952417,0.09119951775307267,0.07787269636478543,0.09780808941672,0.1039448673351658,0.14051621809449769,0.20117590319144302,0.3231502716756279,0.6713928700770028,0.6955369231715047,0.7177956361717002,0.6452819945660988,0.48953326580562734,0.4066872947246652,0.3926285406328942,0.3590229351871888,0.33183676662677924,0.35533555482500306,0.42057408534497664,0.4231427809485099,0.3636332714589745,0.2736908643130306,0.28110485649932815,0.2706470027865117,0.3382027303631142,0.2622792607342874,0.24565400146192004,0.07369068498724446,0.028192003210266776,0.009466870204709049,0.007574387620620623,0.008838427353539024,0.010315295900149735,0.00950030088199314,0.007489635476537677,0.008862141905892549,0.007050411287613739,0.008934516142793097,0.007765232362956425,0.008518847454684418,0.0066283222645036844,0.008156894973474722,0.006935910276632682,0.007673464768345052,0.006285942156206773,0.0072966883663248,0.006629747337005501,0.0071400927481116185,0.0059200739083299266,0.0057942178831552355,0.006363870664359642,0.0067660227034238955,0.00666253355371908,0.005252131243878969,0.00670621776874588,0.006341071141282031,0.0068895199697176146,0.004860908253684055,0.006541625003468995,0.006335484046044593,0.006592047651845648,0.005020311925119585,0.006458087298474224,0.006032893219871465,0.006344421811555704,0.00460926561056565,0.005915825959425931,0.005745638961812483,0.005634871776474509,0.004663092562215919,0.005161694723620953,0.0053139124000453975,0.005661473057400302,0.004831958400524967,0.0047165484875258635,0.005195011868078522,0.005683472975570286,0.005562878846799678,0.004118034997315285,0.0056924063512209105,0.005231673029231082,0.005573421392638801,0.004133908441638229,0.005685678708667084,0.004969019453744733,0.0051920799975069066,0.0041990723283306915,0.005292320149914878,0.005113253982407051,0.005118650092471007,0.004153205563530279,0.004812472768672861,0.005123312109408202,0.004631205086850821,0.003962004964953048,0.0045356506752123596,0.004881428433542485,0.004466514904532249,0.004588245137250019,0.004047400488451762,0.004748656480622201,0.005060180017459559
Jugo,0.28866376569231905,1.1857361687056236,1.8803970434949577,3.1025783308283197,2.917940097533669,1.962490455919624,2.0113841512162036,3.1584650095916946,3.567719593342414,1.9345917986844359,0.5158806672435923,0.33112378594647457,0.39328916765675154,0.2512207705657859,0.22033204489271324,0.16073243632088002,0.13465371561898143,0.0980681153165844,0.10186855032533959,0.09654012635538675,0.09844024730905937,0.14553252469225414,0.15808015073753073,0.13428833016275257,0.17086887416810526,0.4403723454275858,0.808683259089439,0.44343688237809564,0.2582287806342945,0.20449114075823663,0.16239746600174734,0.1933005173907655,0.1379181183985539,0.2251495835882209,0.5129931255530122,0.7238945882613657,0.8762962056330669,0.8949578575371917,1.366467372211027,1.4053468488683982,1.0433514947397533,0.945087250113376,0.8605319475808444,0.2448615776027088,0.1794099466531331,0.3482791988379935,0.496562097242432,0.3078945992891325,0.1293763216388111,0.12097080971036879,0.09861712091259348,0.12367626545076955,0.14156888199891013,0.16217221161157477,0.18977207220991416,0.22300478053893308,0.30794623605648763,0.4403778380097354,0.8953935274786144,1.241533653781896,1.6729990984695566,1.3907799160475947,0.9428308580099393,0.6553547545501168,0.5091027405250517,0.3985573359943909,0.419632846612245,0.43043939246421076,0.4693414104628667,0.5390068512049547,0.4352442025224058,0.2640123315848214,0.140873027179528,0.1307544986307378,0.08543448191469555,0.11079217490357457,0.026257120804004126,0.01985874880191026,0.018371624372387173,0.01867391535574243,0.018269097805321908,0.01813273908748514,0.018139977073383138,0.018411879992863242,0.018527262026958063,0.01805326355028089,0.018333392509746724,0.018911548047928547,0.01864846975130234,0.018465585528805367,0.018415718950701137,0.01890581829857796,0.01863766207193768,0.018320749634367986,0.018817235644185082,0.01904031611392218,0.018437135956683927,0.01846820253846997,0.018891111126594688,0.018931347648527247,0.01837349092354428,0.018528391637478343,0.018990241191340778,0.018647158108526476,0.0184885881369437,0.018693251207850748,0.018891863514594927,0.01885347055409079,0.018452868928735683,0.018724818780824284,0.01860657553195901,0.01853208402657154,0.018597144307439268,0.018814639196004363,0.018711105340964047,0.018240986769761474,0.01852979358708446,0.018893395923890208,0.018627183428362348,0.018361778223330117,0.018467320964665357,0.01877396461376043,0.018763546091084243,0.018419494591103754,0.018306463233985697,0.018735321256448216,0.018431548293840805,0.018257685234641233,0.018460756059414413,0.018641346116854383,0.01815299800077351,0.018305808821877847,0.018664648429807185,0.01874267352484715,0.018254695697108015,0.018456588538749097,0.018585461074422455,0.0182766751474639,0.017992347133879184,0.01842296516660155,0.018530296902047966,0.018581294085338793,0.018398567782615893,0.01847479748387337,0.018539478929633355,0.018522997533737304,0.018101346173655313,0.018201135287572712,0.0187188213921392,0.018883495533320145
Jugo,0.17608381163332337,0.5009558438381544,1.32424225199839,3.089672938221714,2.2343472594373033,2.092591878415858,2.035507453805632,3.1693395524153987,3.902027817847708,1.4423884027122766,0.6993452886382542,0.49864315163462936,0.3375916271131777,0.23355941685734943,0.1643589820026589,0.12491256808996706,0.10741989907465291,0.06154781261590135,0.058254825035145445,0.07895547731214361,0.0946782035519949,0.09352624183164975,0.10428707747937335,0.19103122957176066,0.43377616941906244,0.5655679927953883,0.49456325843219806,0.20586713129971979,0.16680003534969454,0.13305836789581568,0.1139058691459375,0.14364440092536696,0.22092461868619998,0.5212712965446238,0.7277078150262164,0.8206306230680322,0.7882267747348763,0.5937759504533119,0.9299212689589917,1.3267603071097693,0.805925623913699,0.24591078314556233,0.12747058212879228,0.1319602464005539,0.04978011484294931,0.04488333339287087,0.04122286975686552,0.03877848844684726,0.047113485031880134,0.08973610210021947,0.07300574737525657,0.08974440769630655,0.11221484494609976,0.18591930702114756,0.22164517238280715,0.4182941900151124,0.792555874072443,1.2383831669626324,1.4523543053924137,1.6934761642134746,1.2965500383287885,0.580456263618553,0.33203936159697534,0.2291553152947377,0.2490794208522751,0.24628289702054834,0.2582579928965183,0.26916788610350045,0.2571936437477026,0.16873155371204512,0.10174181359024902,0.13199247802956415,0.21712450940015368,0.19195803958202512,0.17615089339500786,0.11428305317253637,0.05643290045521445,0.04614482516036427,0.044275082775513466,0.042721722981661756,0.04195129822344581,0.041345455367034635,0.04061477630567613,0.040734651214397066,0.04007724887180924,0.04032560594271637,0.03981440280650937,0.03958697657447175,0.03932724192936767,0.039027282201927145,0.0391207486993486,0.03860201070504782,0.03891945596581244,0.03845653733181583,0.038688047805346466,0.03863581157507992,0.03857031805804211,0.03871096294655374,0.03840831800089944,0.03873828133691913,0.03822116329602471,0.03836829682168453,0.038082621590313746,0.03812846892453865,0.03811070986154716,0.038010507654863364,0.03834918990902971,0.03786217415370602,0.03795598603179659,0.037599756664826504,0.037650763637327,0.03781194395666543,0.037773312617986804,0.03799564341964577,0.03747261259080785,0.038058313807962735,0.03785176318054438,0.03795184190081008,0.037888833780721755,0.03782414325153508,0.03780451748322,0.03741037088577802,0.03787623979572511,0.03733182679982753,0.03768667742623535,0.037543083070444565,0.03763364903171023,0.03767963558421792,0.037428196751779746,0.03766431640550817,0.037322275047730294,0.03770219949188403,0.03733361564407245,0.03753626525953967,0.03730990336978014,0.037392110425421635,0.03743288475517913,0.03708638713904855,0.03749421029283835,0.03717465033277318,0.037644457788647175,0.03754463998822854,0.037434949805682655,0.0374472677420878,0.03732979103379719,0.03769172732536961,0.03729505913996564,0.037559156281940766,0.03758996738069598,0.03786009600746539
Jugo,0.20453154859264494,0.9305548959640393,1.2379033716745238,0.9482996354900697,2.8483083047035067,3.1279980040490867,2.278134512311957,3.1231323522944727,4.030938118742384,3.2270633612645754,0.7614507952731545,0.37534705678828406,0.305922136999395,0.21652818833843016,0.15118745178813517,0.10887104744146198,0.08351589456636138,0.08627815003821403,0.06828596895536113,0.061650924898169424,0.08822075374415025,0.12383459717938003,0.14366545833299443,0.164364269757032,0.21017069942828556,0.44044771897535684,0.816487293364637,0.7813433489407334,0.4302862182353811,0.25566600278314544,0.20220207515161975,0.2183827303777343,0.22954349788700135,0.29219052785238103,0.40029759734187503,0.9220833208554053,1.177953014633743,1.6604938067246549,2.1172577357057114,2.806167182798798,1.527209318431454,1.2194101942537015,0.7712066453381643,0.3277625759834286,0.26285327056976493,0.354886987509523,0.49012174845774603,0.43722545353936515,0.38889256772459413,0.18338677312980026,0.09477489398259552,0.06565651789858562,0.0957710564691729,0.12126296843381651,0.11992444004801733,0.18933002139659988,0.2867881573047707,0.5004358326927584,0.9776971018399769,1.290490222195289,1.1731910665167997,0.8838879626192713,0.6810670007438491,0.3427899181754212,0.20313266497691246,0.2043756643392978,0.1952409073194241,0.1775615323322935,0.24046523205602166,0.35732459995111765,0.391225086026144,0.3389140252726546,0.4053475163519523,0.5746127109132947,0.5569824033717026,0.2379090815181033,0.03754387668758946,0.008881962877508214,0.007811860684868698,0.007441254166863968,0.00983807134058505,0.007051478150299218,0.009178315412226041,0.006738985765398749,0.006457690200896244,0.00875969987136313,0.0063270649222653816,0.008837844063617543,0.006013017966357759,0.006758111493054653,0.007855308944543272,0.005615323873882442,0.008314067263386384,0.00537045096667882,0.007159312461434416,0.006431948312812272,0.0052904508147462006,0.007778300195215708,0.0047605443014779175,0.007285651817266592,0.005508898414174195,0.005190578813175164,0.007067272753071873,0.004787300362388533,0.007149984817563688,0.004571677471321935,0.005643796766971679,0.006338341878411985,0.004505980054988235,0.0066364414621133995,0.004438756414102357,0.0059091480271313244,0.005144515924634673,0.0042274097251650804,0.006317501205931866,0.004225036608147336,0.006230823815406067,0.004395356074474617,0.004406018975108788,0.005866239125643326,0.004120638512364748,0.006019610203307719,0.004231629233542652,0.004689941155312972,0.004948656789305038,0.0035126362489165852,0.006176560059546353,0.003578070493529608,0.005273508501518566,0.004720147391500699,0.0037965008773852955,0.005517742174665902,0.0038742925598266942,0.005439324479925943,0.004432233271372252,0.004009782161805358,0.0047427341914814845,0.003860958695831217,0.005060392909797135,0.0034629091494847563,0.004178209267082969,0.0043642247583109955,0.0032777781007314556,0.005269512334180658,0.003533830576715187,0.004638130807112567,0.0036860435518996965,0.003339045811737709,0.005076031162748335,0.004199321751713616
Jugo,0.32737626113067403,1.4021937792260235,2.1484118837755473,4.347032490498851,3.2669953249256007,2.1072646514834976,1.199961524836262,2.2233733218936056,2.7231871102351515,1.467551215942525,0.4179071169150065,0.2748235682586304,0.21498228912225711,0.15938593816042018,0.1699130372174895,0.17128020390940624,0.10001162118562035,0.11247718475203629,0.11868072807898934,0.09261829972767775,0.09362307662874511,0.07998781348520292,0.09644053959634288,0.09339840523628774,0.12575093646696536,0.24962298413140188,0.28737486193934586,0.18101387157061194,0.12437367342095217,0.0747862257038005,0.09155484115217799,0.0960445602304975,0.10747354809601001,0.12853282903172403,0.22992876260990494,0.33873578655717224,0.4145945262342394,0.2620676102594773,0.5534968122138572,0.8737885912734905,0.6845116052443876,0.543855515282047,0.3433686296578539,0.29127126403117476,0.25393184226519694,0.19173961992234614,0.16552977202909536,0.13690278493779726,0.1782886832515938,0.14580121502480564,0.16917334313179222,0.08725943711469633,0.08964341491744901,0.14362282564965853,0.23635993816508571,0.32676788746111635,0.25678446467313343,0.25666891280049897,0.2347936574741254,0.2114120566449853,0.1904044223928965,0.1918270259045053,0.14796163897460987,0.07489288003390092,0.06883085170260413,0.12287756847590028,0.10120669011623064,0.12445204089326194,0.10706375640454326,0.09134773265216364,0.0732098641495981,0.06752296914195287,0.06636316503965449,0.08045879077678089,0.07483295553517252,0.04479816417057581,0.047438426418386255,0.054797372314464333,0.05550711451431965,0.05489109115786625,0.056133384832730115,0.05491982811408771,0.056192357718363006,0.05495025198929722,0.05594100305156432,0.0552338555296154,0.05550829698658602,0.05570283887372393,0.05534942944572377,0.05591257540261432,0.05501389005535311,0.05565116936819185,0.054863131160746,0.05560788858546264,0.0551188741835905,0.05532953174735099,0.05500992052760667,0.055006762839233836,0.05552721648579194,0.05477017022146576,0.05543951683648225,0.05475222451619132,0.05551219174861371,0.05485968347577331,0.05519603937281917,0.055011506166421774,0.05506961565813734,0.054984748232082645,0.05462501887695371,0.055292355419628,0.05474807036919724,0.05501886525400572,0.05435698265195335,0.054668003433933444,0.054629429178775765,0.05478664999916306,0.054841187634817656,0.05447684876324069,0.05501798217521991,0.05457150908871015,0.05508898413608814,0.054492912495466395,0.054749279610093356,0.05440328120461122,0.054638669104170194,0.0545351136385357,0.054493233513662684,0.054570597769269626,0.05420288880053148,0.05474241765047487,0.05468144837634688,0.05506350893202667,0.05468203992115166,0.05474101261230997,0.05465474621915084,0.05466904714504724,0.05463394533609988,0.05426014479276488,0.05484709124612212,0.05461239145268808,0.05492976758016947,0.05452909298696526,0.05465622658269836,0.05461189173173396,0.05465191338602786,0.054565544868778064,0.05431802567415722,0.05470982828813875,0.05429959394765925,0.05461638947947439
Jugo,0.3635567056800387,0.5232066110946085,1.2579391863877347,1.8061162328066303,1.6961411434251839,1.9556391219243894,2.7254970534357637,2.024994018201796,3.428638598906968,1.897263029495012,1.9725338112086783,1.8540630887522718,1.2470939859881824,0.4320701949824329,0.44440421236985217,0.33833798520896075,0.3222865858422669,0.29131099182135617,0.3038542972578195,0.24933779292822011,0.1354523603969167,0.13793620758723593,0.14690627562265057,0.1372991715804577,0.15242700338829096,0.132679928336071,0.11819189836044118,0.12327169990887604,0.1290188144498473,0.20739922939981836,0.43564368189214153,0.4689107811373079,0.39768307158622035,0.27813082525792265,0.2937263485392793,0.2938103327453017,0.23568279053767693,0.13956731067791306,0.19331622728553993,0.185447931769671,0.33967751022412507,0.4642896068019431,0.6054905838980941,1.8285241084278958,2.222599375055268,2.4565981265286476,2.7676822530100886,1.703402814517456,0.682761481441136,0.5246319542447093,0.39537917216726715,0.262093125744293,0.4446636122728844,0.45060152871491277,0.2759561139444531,0.12566311016025708,0.12730096326671472,0.11959439612540694,0.11953189184215407,0.11719117915864743,0.11115196712758725,0.1155679123165764,0.11515874759519694,0.11337975943824624,0.11708750398735425,0.11383375980573299,0.11860686424064679,0.11706764327444175,0.10707470097133383,0.11482661227248137,0.1197623508943671,0.1736766550236151,0.34348535731286156,0.6034464002918815,0.37519921305898635,0.21391657832791905,0.11300132315857764,0.10343418596000677,0.11067171730881789,0.10538436756032123,0.10494538455029723,0.11073301500911394,0.10378916770253227,0.10650396456967574,0.10997588220457376,0.10247591353454062,0.10826418593226608,0.10880548443159285,0.10228580845162584,0.10966032443481062,0.10646354829403305,0.103465964841836,0.11072741065742892,0.10481257106695899,0.10489710992726999,0.110249634433764,0.10269617254771071,0.10631746486381755,0.10931718761069317,0.10208965956099145,0.10871889174885589,0.10814214193252891,0.10251115922534275,0.10958620071855817,0.10561568577608331,0.10327700116045632,0.11012330275982825,0.10378302884531816,0.10458751415427352,0.1102339359876066,0.10278970527820823,0.10695017163191807,0.10916305663771342,0.10175665580844682,0.10849711563598956,0.10720892927587043,0.1023294775668793,0.1094443435744925,0.10562159707416768,0.10423804123959096,0.11073430692541035,0.10406143019353098,0.10568303621429291,0.10996988150973568,0.10209685587720128,0.1068060914339027,0.10851841521633095,0.10184799341210317,0.10894504434561379,0.10725494053209396,0.10250767741173053,0.10961517798286155,0.10513402616832598,0.10431116509785752,0.1108126656013689,0.10361155968792037,0.10558418800418401,0.10945455485696226,0.10194501879465581,0.10765210921462981,0.10816020356781002,0.10220311576770764,0.10898217381794251,0.10661983790347808,0.10247976205377249,0.10971934025572425,0.1044057560798654,0.10396484660198727,0.11044185528678198,0.10356389425248193
Jugo,0.05729504336855363,0.29105800477813926,1.1949296307408355,2.069318560010974,1.9983620178161798,2.248043127645683,2.033767938941252,1.4152637368949534,3.374546996758254,5.336453455942052,1.6763018827341116,0.9423918121877902,0.3113656829868544,0.10151368881203103,0.10094244211598671,0.10430379597337218,0.08175360691296849,0.08044491074949262,0.07447746366535561,0.0630419080422446,0.06873148582666261,0.07027146505562824,0.08967693229452381,0.08949143584613056,0.08546646872810598,0.07299560054851915,0.10056038943870912,0.10361302610558579,0.14233267516036044,0.335815045607959,0.23595896961412108,0.11623758005824669,0.1588646822898909,0.10978797702532436,0.07098118813502258,0.14128923941943475,0.11083102824154697,0.1850743857220895,0.3387938073525135,0.18534445077623918,0.24098804101630958,0.27615637382602665,0.1649871959498042,0.07082061185763411,0.10676245725369642,0.15865950301215337,0.22211385233751954,0.2702444704400017,0.11062034384486112,0.04370821049229315,0.04713255590180586,0.03594535786618093,0.03384058963852406,0.03241021448830553,0.03266658930303596,0.028949196613513542,0.030223723905720423,0.03700451728199645,0.04108980417139858,0.03723079945221184,0.03916697972383838,0.04535328196313314,0.04370945325533636,0.057601206927006744,0.05779908032888946,0.07816763284193509,0.09097534761055008,0.14711800243817194,0.15317906009013027,0.16057586360724796,0.3250456590135219,0.2900014525481318,0.16634980173705702,0.2001392431276514,0.12289123315619116,0.0850881844081704,0.03163572059468661,0.02916277598734051,0.02841777229773904,0.028077490081141965,0.028606813381784352,0.02890304944267701,0.028822231672160144,0.02835290703101484,0.027750585009061517,0.02807636174681324,0.028468887907537294,0.028729563553492633,0.028527871606504315,0.027946614746690468,0.02757925728315884,0.02799993152694879,0.02842847560721904,0.028346568616055997,0.02808758856806027,0.02747920673304418,0.02768118755916637,0.028028340275786757,0.028708774056055243,0.0281491595625285,0.027797630416625817,0.027435521880749516,0.027770502949896962,0.028424758095427397,0.028233854906163248,0.027798455437428538,0.027536053000956993,0.027662534288433988,0.027916964159567265,0.028292896705722693,0.028165353891907118,0.027848200501823992,0.027358290504182706,0.027709733158144866,0.02819679509989588,0.02809662796917929,0.02796565372349858,0.02778942175411349,0.027413614764958384,0.027788478415013456,0.02810216175365767,0.028130764319873623,0.02759667325570183,0.02762424931952984,0.02736076544302698,0.028045755374574842,0.0281707230320669,0.027884112354104124,0.027384130195943403,0.02763188686431588,0.027658022967263995,0.028227799528709126,0.027849999041191308,0.027995834322184204,0.027301374930467394,0.02750115952187203,0.02802986688271855,0.02805652320143498,0.02800886080783139,0.027627758141289656,0.02730927500533343,0.02744681701920248,0.027862600614190002,0.02802398115723327,0.027874025413137236,0.027200136875941236,0.02726989781563088,0.027773062380388326,0.027965635840924555,0.0284226733432136
Jugo,0.08444119036618372,0.40478432778056506,1.0805535427376523,1.7834629254170378,1.7541788584804565,2.139722860706625,2.925245687892507,1.838076694035236,2.760605568311585,2.916419350986616,1.0729851673893624,0.827844634065241,0.4299013370573715,0.45903158128643773,0.5848935910347268,0.5566457813048767,0.3763111251977953,0.26253366216961055,0.22485948054662047,0.1802395550956442,0.11832516199232194,0.1263963568004564,0.10661227988926919,0.10468400084592981,0.09934007867725225,0.08919984474672307,0.08457758621986368,0.16650566071574294,0.1760051102827799,0.2244718057258008,0.19691279363312686,0.17660397084463408,0.24901514071283254,0.205981425665732,0.14525932076780068,0.1447657478299103,0.15700567893440498,0.10298917118642602,0.18215836343263644,0.22595260292190766,0.22933142381349148,0.3259212004451365,0.44447207407952494,0.6362665802414376,0.8454402960149792,0.7284633313815162,1.228329448226569,1.2383531786674056,0.6335000699027806,0.3639128784468351,0.2623990302345423,0.15629300098514187,0.18760113267345987,0.1454905087505047,0.10802440774399126,0.09496715303060646,0.09668088831084877,0.08966437540142154,0.08551660911699308,0.08844121598672067,0.08490430282506412,0.08406172421113296,0.08498027262667036,0.08704373743913284,0.09295304142194774,0.08288717871953613,0.09023361443073426,0.08820940209446479,0.08681813331236268,0.1398046748748369,0.25590877293703757,0.31871197566525417,0.3676890841930293,0.5943636119287724,0.5780277498724458,0.3819752386146282,0.08640848697311318,0.0801058413354864,0.07827604699113057,0.07548343970271408,0.08411172015654095,0.07510323213881799,0.08044356844504238,0.07405761695410094,0.08288763318197674,0.07506189578030827,0.07788578159857325,0.08069758129874899,0.08239219652013988,0.07844192205495433,0.07467906049956163,0.0842139376437151,0.07186155983959522,0.08091634800042882,0.07572030357106904,0.08119260468286613,0.07516492453953476,0.0790295283331309,0.08074113242057744,0.07487051606823993,0.07981457412099267,0.07519752549005419,0.08321087550889401,0.07272895907525431,0.08239836288567275,0.07679595964498555,0.07925032039394593,0.076461493171325,0.0784360401389262,0.08059779294309279,0.07414215270203862,0.08192559040296835,0.0762971419706121,0.0823584066407261,0.07374111837329592,0.08157357774982618,0.0772546648383766,0.0773660997287285,0.07777518570616117,0.07758376095143091,0.08073147531087384,0.07364727944795965,0.0829437674692686,0.07432371146727454,0.08003186620107856,0.07560978315740388,0.08113891688234348,0.07715216712331079,0.08084882653161268,0.08037230800784594,0.07700233090635311,0.08032987956522301,0.07434011876059375,0.08299972899225967,0.07535822036139327,0.08071776420901408,0.07570914524696401,0.0809675606337949,0.07718922981079455,0.07712095762895216,0.0812006385959376,0.07591807722422321,0.0804932504811365,0.07445775437107008,0.08367892900789706,0.08314364198011813,0.08130387136284536,0.07670281538512558,0.07849800240048938,0.07717246722230409
Jugo,0.13560759964062133,0.3643148060297018,1.1912466096813352,1.30081985696812,1.8612009514505252,2.9534647753477925,2.979461899236896,2.298000861468228,3.0163079002331807,2.3317975463035423,1.8342767114364231,1.7852250254112592,0.7019139788599476,0.3454419490729148,0.24453044712395186,0.5003951443142722,0.6225381473930629,0.4946404749007439,0.3988733721160014,0.43811430190500233,0.7565223250898978,0.4516902015787235,0.39651559044311496,0.2476165060485601,0.2996213237713795,0.2732073735242254,0.29222189302566165,0.26006093304569355,0.27143061349575315,0.3911425496637507,0.48297505151794534,0.45364083731038773,0.4343591205141,0.324826161124444,0.220581982761627,0.1590816467629589,0.20652191201694645,0.16188963361002773,0.17115519874661056,0.19048096506217232,0.2219629607680772,0.2640528924882011,0.5007693897747909,0.604536831206873,0.8892764138976869,0.7934859983586348,0.45864487229015816,0.34765942223331553,0.16246290681113923,0.17348161262026682,0.19182932249947882,0.22783468003605453,0.19109481318210508,0.20206269974546143,0.15418609398752597,0.1404249832499465,0.11319846510146336,0.11895560727754406,0.21186183344652226,0.20227924694952606,0.11205258622398973,0.20308565698380504,0.10286189325057626,0.11735419740730813,0.12374947552640397,0.08708045732143127,0.18966561746411412,0.23947412696920028,0.3233904722983394,0.410474017168419,0.5385168823752065,0.5671854811253484,0.4457243520371718,0.6679640931686068,0.4133491633228673,0.21006240663112963,0.08100258130485896,0.07725737322683816,0.07375245371013602,0.07632635442452562,0.0726298150655425,0.07479824995132561,0.07293463472340078,0.07407941440820467,0.07316922912994639,0.07367922155761963,0.07393745375256915,0.07272313388638767,0.07369316274853747,0.07178665084786677,0.07354410959318193,0.0707824998670246,0.07345246792911748,0.07101693015579184,0.07343445407543159,0.07042791651215859,0.07311116604840337,0.07104074941477147,0.07257112437313022,0.07065115620476717,0.07190442961585275,0.07152868577525265,0.07146089996653697,0.07131016719469933,0.07084414211015039,0.07213976357705147,0.07023961067014178,0.07183968933099752,0.07035396399566583,0.07253352457183701,0.06982635488030815,0.07214869536273116,0.07031519073091116,0.07226293234385076,0.0704542778821099,0.0721186997116829,0.07094778644575608,0.07141927652414184,0.07044845024450261,0.07096038822701994,0.07148767005088788,0.07052696567451143,0.07108239447956766,0.06992835672877042,0.07156496710184503,0.069637555695191,0.07147295311902534,0.06991541964809062,0.07183376960076836,0.06957571017231935,0.07115592761996611,0.0694699439406366,0.07077799428661147,0.06988893667820087,0.07122236821126363,0.07076098142719053,0.07046940698752299,0.07050438984939937,0.07024698702114757,0.07124481115284471,0.06945123388547325,0.07068171046968184,0.06986623758271071,0.07179432561672312,0.069784422002672,0.0711509284690099,0.06984557097934865,0.07135366023825566,0.06980892148167687,0.07198993065777626
Jugo,0.06979438355516134,0.3832362005295568,1.1188546005254034,1.29367668170148,1.5759125018532543,2.6709980200880175,2.236374273571932,2.8758320452634503,4.436519956972538,1.5374324365612635,0.6434184297895748,0.2907957239872164,0.15529007754014829,0.13446700476357354,0.11349006279126381,0.1251575122831175,0.12070789753554168,0.08353088393381548,0.10460410296589265,0.11102705364779639,0.08864954087861199,0.0924309068182284,0.09191799741147574,0.08356040235472152,0.07776009046081894,0.0810408594457594,0.08147066768161282,0.08591562149894977,0.15181732163785355,0.17139979660586901,0.20759757488701353,0.17128759411344133,0.10158075577205833,0.09271806922567767,0.11042699642776377,0.09261632515344223,0.13949188193700585,0.1745693886116462,0.12513491961090079,0.2289815127956084,0.2882791638963577,0.21946248677806032,0.151622394734726,0.1186964726593697,0.29409384952272327,0.3912364807674914,0.43505046050169566,0.33498258210228,0.08482168118537481,0.07629572275521214,0.1048877510573875,0.05561891439812133,0.07897296118382394,0.08436641417325295,0.06934614229038175,0.07869924102400107,0.07483451365789509,0.07279704665020854,0.07434175955467764,0.07644299657941972,0.07352051172908831,0.07563190390027819,0.0736040394859472,0.07819097314440401,0.07587403244287097,0.07332337550978435,0.08770769126699304,0.06127710928600025,0.09877885056957249,0.13110430793404584,0.22319736722276395,0.31891454410415376,0.2564189914862174,0.471248671429201,0.493375568521972,0.2541111745571517,0.08433004180755581,0.07293377615824301,0.07274694529787881,0.07208423034898141,0.07136317944005861,0.07170174509491214,0.07128400933087521,0.07098318839551136,0.0713332490129564,0.0714766610840182,0.07084339006330026,0.07047805813456756,0.070957491750629,0.07086082949379004,0.07047110641256389,0.07073905050106857,0.07091587372852909,0.07041281599192177,0.07043869134293615,0.07052732784011537,0.0706576356568868,0.07026902866655715,0.07032068719185873,0.07094663057142085,0.07043450302135223,0.06994062250085918,0.0703238938129888,0.07040042929266967,0.07008973468790151,0.07041178996379278,0.07082844747852846,0.07037403222064571,0.07034877355185784,0.07032857385190239,0.07011201401110363,0.0700184020221216,0.0704498528437467,0.07023872927744583,0.06975486924158728,0.07021042092973163,0.07049999500545595,0.07023265240748752,0.06994132879126773,0.07015532641761874,0.07007566882629035,0.06992035697747609,0.06997735206420898,0.07033401011480987,0.06991920591363576,0.06980933820032549,0.07020349902125805,0.07016689399964858,0.0701797820205547,0.0700929166202427,0.07016436823631929,0.0700962238043031,0.06977057230737667,0.07025619869214325,0.07041564219188592,0.0701450383848495,0.07016776017559345,0.0701649729163219,0.06977793346669638,0.06993552008302407,0.07015368107409901,0.07016478563954195,0.06976917029448179,0.06980437193827405,0.07029136862073931,0.07034134129699465,0.0700417836795816,0.07034212519899882,0.07015213696029855,0.07031161530868034
Jugo,0.1263644958560771,0.47660836140178214,1.174180808821017,1.1838591889525878,1.2411294603676746,2.2997562940902676,2.4609926114253597,2.258060085149664,3.3041028010472955,1.0887871497520587,1.1758421684868923,0.6432550218182357,0.2705420426309721,0.12277013312380636,0.16888347601751283,0.2186950365750342,0.20430437624599102,0.14237373776436452,0.15544452428879763,0.12438326478359042,0.10131297144731502,0.10812416389496726,0.10786758590665704,0.1111635151843032,0.12206203984124403,0.1180058184296987,0.10997985954227905,0.09823794526522402,0.08447436552128636,0.06974607666016763,0.11737675290930982,0.16686948991603012,0.16406443967736645,0.15174432215143036,0.1519555412579443,0.11711992150438043,0.09394393222443427,0.10655243818913261,0.15994803321927592,0.181582912409386,0.1363319070278972,0.11722084176016281,0.170333260483176,0.16997230953958303,0.3572069509359386,0.5199848515123847,0.49273058512429246,0.4197321423588546,0.14768525597982388,0.1265944903990795,0.08084285605297145,0.10452831467332038,0.074134831468504,0.08491234077420787,0.08803831841272865,0.09146272845745196,0.08295141282814796,0.07549510432586937,0.07584141546566527,0.07360668425732661,0.059599601635990186,0.05766877925511833,0.05988084391246183,0.05740425565868196,0.06073617146323532,0.061855513351582424,0.05701448844514667,0.059421515157521664,0.08622690506259083,0.0912764689940019,0.10878646209847456,0.1436744103947847,0.14127474335904316,0.20451170694407483,0.18253148227875782,0.11832778301352544,0.05321796188667727,0.06132660188876718,0.055009986401271305,0.04923349974507437,0.05943446331602806,0.056410507609746266,0.0575391645451317,0.0697920900653008,0.078451145299809,0.08477863998123393,0.08790318477823961,0.08837576655211132,0.08452910904066066,0.07849842637821396,0.06898894948848434,0.057127044561419926,0.052482861549840804,0.05882772642971793,0.049659338663114616,0.0495868490438008,0.05934517354111745,0.052458162187754225,0.06220967038584833,0.07369774731745256,0.08237513554154488,0.08823718999997783,0.09104722689934468,0.08988978045648709,0.0857540878371639,0.07883011227989717,0.06873715525740033,0.056860359471313966,0.05478170574452674,0.05769277398044214,0.04799881109678067,0.05173134141976692,0.058933126307025185,0.05093356489453531,0.06381375553892953,0.07457832211489349,0.08319207382225827,0.08830990482056907,0.09062660634371979,0.08900597225632233,0.08427756336395165,0.07748393797828032,0.0666657745397588,0.053976323453940225,0.05653309548271933,0.055487485128032546,0.04824089359818669,0.054546166823237104,0.057113626961943324,0.05140131990994762,0.06424846292758686,0.07414509904583344,0.08100371552573526,0.08621987600296013,0.0877004286924536,0.0856072261987179,0.08086065073564662,0.07305458415239667,0.062225373019916964,0.049283227888610254,0.05770821533471559,0.05199883006888295,0.04748338100041746,0.05714061116153528,0.053913722165271336,0.054601032303419124,0.06613385473527887,0.0754447600440711,0.08183808077459373,0.08567349576997346
Jugo,0.12730653631876976,0.4407481314410132,1.4413740298574254,2.682975196717271,2.2845986124173665,2.8008189293261982,3.4920691100905072,1.9677627917858531,2.6550199663718934,2.639689530245898,1.2526303982663347,0.8172255239206629,0.931838628800539,0.3556480819252519,0.1847285111449021,0.2919134608461079,0.37944320611870774,0.22773622826603895,0.1854177498130278,0.1363863871015215,0.09814339350878867,0.24296123522677512,0.27509365536324104,0.19201817484409592,0.1581622055241909,0.09903749138583584,0.1274212494034735,0.1432178450744522,0.194990746868033,0.5269180009215485,0.4361282475748064,0.16942351282712298,0.2217225511573767,0.2428801431650748,0.20315307384179812,0.2616905985633662,0.21218762050778653,0.2795375029766526,0.6287831260642617,0.5163480317008663,0.5491556707440994,0.5959358067735984,0.37303124346809163,0.49386475418260134,0.6329790739544396,0.39473464844435463,0.2563153911391001,0.14350547334362318,0.11133865673751124,0.09402437091644567,0.13132359689985706,0.11563452295311041,0.08409004045163225,0.08385252350525303,0.06556994629136012,0.0722856562772912,0.0775245442142045,0.07243162757264497,0.07923268365360671,0.07967007160085127,0.07553353243025764,0.07743312729689955,0.08940027048081234,0.08151238702822977,0.07316642159090667,0.07762743777666498,0.08770875949808515,0.13493817433725475,0.17697383663035324,0.27177316214333125,0.3758959955497291,0.2755114424628872,0.28065223687292873,0.5718948206776967,0.8145697514049178,0.5511262874791386,0.14170161848438026,0.0684891760150277,0.06807885421240503,0.06876760934424354,0.06883531490906619,0.0680642030769839,0.0684805848785532,0.06880157598340232,0.06780578241343828,0.06793760636136403,0.06853318486058542,0.06803208802285618,0.06755875874075164,0.06874772383747581,0.0682591730124722,0.06772061459355883,0.06830437636398225,0.06822383364825771,0.06751121153079846,0.06816058017794924,0.06832713631729384,0.06750238317975221,0.06749030127005556,0.06845254675761214,0.0681880391242191,0.06752296998454613,0.06817105194939159,0.06776136325783917,0.06722445301646267,0.06800961494107548,0.06809529276072988,0.06746952136928704,0.06755275973259599,0.0679797522787135,0.06781535179598466,0.06783244595379927,0.0685111612350858,0.06778293727324501,0.0672699348661551,0.06809384047714225,0.06789907702044637,0.06755018596416854,0.06777935542155791,0.06804611675093472,0.06733623791277339,0.0671068877118258,0.06815104406797126,0.06763420447514065,0.0672737973435143,0.06796556142215943,0.06792454625315623,0.06763263094790911,0.06782997743610286,0.06817631659729306,0.06769856946077889,0.06718876017285756,0.06781036582307073,0.0674219062499862,0.0677326494794532,0.06805571786130227,0.06738038167312455,0.06736059455187635,0.06817103919297933,0.06792678284083084,0.06728513082170277,0.06756022671171241,0.06799388490805555,0.06757389039157115,0.06784819154676415,0.06768502272273895,0.06712819164001242,0.06709013593913753,0.0680666791384697,0.06795350441406355
Jugo,0.08295679340014411,0.2565066229605608,0.9704881652160182,1.4496174243255509,2.3182284721129465,3.1349169446793455,4.2630409274081735,2.2354782800100823,1.503128846317921,3.5205287599170014,2.1141051400469237,0.9107849059729707,0.43135855503707665,0.5455641987171777,0.7559873087819173,1.093353208621512,0.8234782771459787,0.6365285912141245,1.0633684885461667,0.6423552026041272,0.5120594197252858,0.365847457987238,0.8560204374854297,0.570365940065636,0.49701378462887746,0.28947776330215846,0.34669073860626004,0.5218774087618357,0.7589364349517139,0.6180667961093784,0.4825221674746683,0.6571614399102359,0.5037296253150976,0.6037406779116178,0.607021610819584,0.3870831495431382,0.4773483807332874,0.5536793964703639,0.6110943849525595,0.4428868790142691,0.39249596188211666,0.523966564662802,0.7913415366791612,0.7165810872335299,0.6929720929191718,0.4827713943148423,0.39837257458897124,0.3964709160432595,0.4950829583073707,0.5311585529236599,0.35917698095738904,0.3602556186927154,0.24629380344754576,0.2484573362902193,0.2602949613927648,0.2164442307558553,0.10676163863143875,0.12763889065631648,0.09850470638412583,0.09889527739192852,0.12106891492806608,0.11960248671849427,0.1045988416181865,0.10426427243609782,0.11193724851174978,0.08463646905943241,0.17582590572011134,0.17236365905303644,0.24125672901694267,0.31282715372765274,0.3390483544384594,0.368148119661346,0.3589583165732474,0.2808513444546451,0.19129403847073437,0.1617376987105054,0.0752012988903143,0.06931261407268421,0.0692540603038829,0.06910293786640384,0.06940304341817796,0.06933616709379084,0.0695592042224847,0.07667528845795005,0.07706352645876238,0.06934473061982106,0.0691572414388081,0.06885124361525127,0.06880599041863739,0.06846233156631565,0.06901452304987893,0.06848914835192958,0.06870582052584429,0.0689408944755585,0.06896602792775207,0.06906559480878072,0.06917169835925234,0.06882556822199641,0.06902003076852152,0.06866158859398847,0.06898021435502674,0.0685396967789728,0.06833241358362463,0.06820798688927646,0.06829802746548932,0.06845842579664976,0.06854879940787588,0.06819829243701561,0.06861965355307437,0.06823919124825964,0.0686592334986087,0.06845534551724013,0.06824597194320642,0.06835809456616208,0.0686109186999311,0.06854145121046902,0.06854306435941107,0.06814036013200264,0.06855474713096756,0.06837566835345077,0.06855795180114345,0.06847114351870992,0.0685564084356295,0.06863666903385746,0.0683802543504992,0.06852433727512176,0.0687184323221542,0.06810941566509791,0.06832114302024225,0.0680545569126805,0.06808870261060317,0.06810851036708626,0.06797694133345983,0.06841780668716659,0.06814030938832324,0.06864827626216172,0.06912825675622603,0.06897263153130431,0.06896868799794997,0.06863382998790646,0.06844078435691171,0.06881746262796258,0.06833243584906179,0.06845080060611111,0.06835844230033444,0.06846072331365123,0.06845053488330186,0.06851371899219265,0.06866878550900786,0.06913180580010224
Jugo,0.10587968166510751,0.36251151908864815,1.1689260041587812,1.4759045172120575,1.656328595729078,2.706369188602303,3.1229128022521566,1.7596429780540703,3.737373988680871,2.144691003986374,1.2931446856475919,0.6357726699710624,0.2828357427523337,0.22772387748080467,0.1392127873910634,0.15131470961378693,0.14563842699734708,0.13490030566119757,0.14186230759581478,0.1228131778863557,0.1526527643779137,0.10942277905996724,0.11897202189298094,0.12129344831173554,0.11810503954662223,0.12445404397448992,0.10970021542887708,0.12246353326041282,0.10924150513301009,0.13122694175899252,0.15786158442906845,0.2392466890981125,0.5282914591715561,0.4023428160329851,0.2846667615450711,0.3064044841182984,0.18455913486100084,0.2578344490371134,0.30592177395712095,0.306985313524527,0.5522554363517809,0.767865766786936,1.2646601966940674,1.2348694046711635,1.0169044095387134,0.727039943261343,0.9372113935907029,0.336161183655595,0.5168960700948759,0.47178597343148143,0.2063346186635709,0.2203032292930945,0.1952310528485055,0.1456110354666999,0.09586631838434097,0.07962040341203903,0.09187727591607082,0.08437653924038381,0.07948308622789922,0.07740727440529117,0.08868181330483352,0.10948017554319327,0.12630232438503267,0.18004812231766693,0.11609933138446482,0.14516111969779036,0.1906292329021253,0.2513170384545916,0.2234982606137193,0.435157846569567,0.5076607245020786,0.41554016582142456,0.44162334857049546,0.47977481438899106,0.33944080074271277,0.2545497987090469,0.10612111040504499,0.09228879060230266,0.09563334971523868,0.10038449982462722,0.10275154650864987,0.10394178241555269,0.10798299179368273,0.1073602727281765,0.11118280342245447,0.11120927861502736,0.11341213225125933,0.1141717351485892,0.11520326579094137,0.11644413364259444,0.11619033178781894,0.11735220066143019,0.11723694598685029,0.11760522740788794,0.117486455637347,0.11724725671936463,0.11682076803118799,0.11638088301599173,0.11610488514953998,0.11532657024715721,0.11421631893651171,0.11307963401548053,0.1118537468480445,0.11070563519130974,0.10915531146125715,0.10771431712396123,0.10623582060583392,0.10401892025993986,0.1025709169929486,0.10044729070490542,0.09852053113491442,0.0964753830970999,0.0943541127292687,0.09268229899788392,0.09044485987547896,0.08898128504220937,0.08681614686289492,0.08553385279914633,0.08364203045556556,0.08168625695849781,0.08029380562785308,0.07875243199584771,0.07816460670411562,0.07728486210735894,0.07704156473478957,0.07636547594016933,0.07571134307200499,0.07591817262109393,0.0755970987205606,0.07628823421315556,0.07674447245603867,0.07843973519128968,0.07932303632832657,0.08033196461424008,0.08202386111628787,0.08329226806350727,0.08542498617327109,0.08635605954673478,0.08838448940332853,0.08995245267593073,0.0918544650362816,0.09414125297841204,0.09519456458401149,0.09734783118642713,0.09875988690576183,0.10096700210522025,0.10194684172240082,0.1033358345243327,0.10509842675695132,0.10595870833657602
Jugo,0.05812990409906913,0.4534863000772319,1.5224881351669168,1.9701123819114947,3.424101312743228,2.5076123941417663,3.1661634342768816,1.9994340873033234,3.8236785634737505,2.2493994219645237,1.2213688549799067,0.8805086255419674,0.37909001820029326,0.2262924359160824,0.12916471329506451,0.10996032810058326,0.12918811558790302,0.11527174673790523,0.14633465005728516,0.1524747444544327,0.12813080183531866,0.1577173141791048,0.15944784072844326,0.12726847298369656,0.24070950123963739,0.32192957948544054,0.27061829827017414,0.4932343458887086,0.45121184484159693,0.3368517741694977,0.23182094897159686,0.16033034526154452,0.15439992324511392,0.2709449769692421,0.21258588932218944,0.2515504768247718,0.17350451243265028,0.2222053599335866,0.3686254618956728,0.19670185375037547,0.2364641418459407,0.4877384637760166,0.7373948894411584,0.7805002467419733,0.6147627233666837,0.35366298226625525,0.20995209776080354,0.12141924760871263,0.08312361202448526,0.08228573389891072,0.06022061216679383,0.06273117540627558,0.06029479723626173,0.04799897405500164,0.04420647374148024,0.04231444876270566,0.04765680399994521,0.0479866143012474,0.09254654318828279,0.07012048673783212,0.06396001269576138,0.12185409239340168,0.13830062527862616,0.15449915194480146,0.190610454496479,0.22091686358423762,0.27180895449715997,0.3330002173382409,0.3849535004465634,0.5276923246728173,0.6571069479961634,0.8490153733116899,1.008975101153702,1.0246999110127557,1.2355837984784201,0.498135303334581,0.11601507992020023,0.03679942326852387,0.046899677696725144,0.018930268808683655,0.04529411542652502,0.02538987493230987,0.03524747788533023,0.03714035571078129,0.019149926181940908,0.042228891992570544,0.02042822001212094,0.03403087595499018,0.03378720758727495,0.022055596825220312,0.0385667154263271,0.01908719361862741,0.03533088326485255,0.02884480551025565,0.02448614153074943,0.037070286915725566,0.016582946080106582,0.0356220752306229,0.025939831378133587,0.026195811993193523,0.03510158451638157,0.017971387034740265,0.03551014255757822,0.023137256436812942,0.029191655188760164,0.032023479417863474,0.018705619822404686,0.036155754910458866,0.019558930272360837,0.03067728076308878,0.030063552894698354,0.02054322256397224,0.03520643032369802,0.018304270043863615,0.032524533741207715,0.027005935354287133,0.02345675841693852,0.03424821118616828,0.016431140653143623,0.03422913678194036,0.024305653815109695,0.025316405098491118,0.033144170539054336,0.01744992953908558,0.03376455155450961,0.02181710040983532,0.0280806337407475,0.030366412367988278,0.018746238261906554,0.03458607053367949,0.018516991291081492,0.029957651852481188,0.02855667934107084,0.020508892251547072,0.034143325964314686,0.01758530332713513,0.031424813483506044,0.02594452496771073,0.023764397029134382,0.03279405647112131,0.016621320505913334,0.033389949942888804,0.022785866314873216,0.025522875949391524,0.03223741348213051,0.01749997509222216,0.03328683122522678,0.02091994980128354,0.028119586567361785,0.029450151171816548
